1,Doctor of Acupuncture,2024-08-27,2024-08-27
2,Doctor of Acupuncture and Oriental Medicine,2024-08-27,2024-08-27
3,Doctor of Anesthesia Practice,2024-08-27,2024-08-27
4,Doctor of Applied Science,2024-08-27,2024-08-27
5,Doctor of Architecture,2024-08-27,2024-08-27
6,Doctor of Arts,2024-08-27,2024-08-27
7,Doctor of Athletic Training,2024-08-27,2024-08-27
8,Doctor of Audiology,2024-08-27,2024-08-27
9,Doctor of Behavioral Health,2024-08-27,2024-08-27
10,Doctor of Biomedical Science,2024-08-27,2024-08-27
11,Doctor of Business Administration,2024-08-27,2024-08-27
12,Doctor of Business Leadership,2024-08-27,2024-08-27
13,Doctor of Canon Law,2024-08-27,2024-08-27
14,Doctor of Chemistry,2024-08-27,2024-08-27
15,Doctor of Chiropractic,2024-08-27,2024-08-27
16,Doctor of Christian Counseling,2024-08-27,2024-08-27
17,Doctor of Church Music,2024-08-27,2024-08-27
18,Doctor of Civil Engineering,2024-08-27,2024-08-27
19,Doctor of Civil Law,2024-08-27,2024-08-27
20,Doctor of Clinical Nutrition,2024-08-27,2024-08-27
21,Doctor of Clinical Science in Speech-Language Pathology,2024-08-27,2024-08-27
22,Doctor of Commerce,2024-08-27,2024-08-27
23,Doctor of Comparative Law,2024-08-27,2024-08-27
24,Doctor of Computer Science,2024-08-27,2024-08-27
25,Doctor of Criminal Justice,2024-08-27,2024-08-27
26,Doctor of Criminology,2024-08-27,2024-08-27
27,Doctor of Dental Medicine,2024-08-27,2024-08-27
28,Doctor of Dental Science,2024-08-27,2024-08-27
29,Doctor of Dental Surgery,2024-08-27,2024-08-27
30,Doctor of Design,2024-08-27,2024-08-27
31,Doctor of Divinity,2024-08-27,2024-08-27
32,Doctor of Education,2024-08-27,2024-08-27
33,Doctor of Educational Leadership,2024-08-27,2024-08-27
34,Doctor of Engineering,2024-08-27,2024-08-27
35,Doctor of Environmental Science and Engineering,2024-08-27,2024-08-27
36,Doctor of Fine and Applied Arts,2024-08-27,2024-08-27
37,Doctor of Fine Arts,2024-08-27,2024-08-27
38,Doctor of Forestry,2024-08-27,2024-08-27
39,Doctor of Geological Science,2024-08-27,2024-08-27
40,Doctor of Global Health,2024-08-27,2024-08-27
41,Doctor of Health Administration,2024-08-27,2024-08-27
42,Doctor of Health and Safety,2024-08-27,2024-08-27
43,Doctor of Health Education,2024-08-27,2024-08-27
44,Doctor of Health Policy,2024-08-27,2024-08-27
45,Doctor of Health Professions Education,2024-08-27,2024-08-27
46,Doctor of Health Science,2024-08-27,2024-08-27
47,Doctor of Healthcare Administration,2024-08-27,2024-08-27
48,Doctor of Hebrew Letters,2024-08-27,2024-08-27
49,Doctor of Hebrew Literature Letters,2024-08-27,2024-08-27
50,Doctor of Hebrew Studies,2024-08-27,2024-08-27
51,Doctor of Human Resources,2024-08-27,2024-08-27
52,Doctor of Humane Letters,2024-08-27,2024-08-27
53,Doctor of Industrial Technology,2024-08-27,2024-08-27
54,Doctor of Information Technology,2024-08-27,2024-08-27
55,Doctor of Juridical Science,2024-08-27,2024-08-27
56,Doctor of Law and Policy,2024-08-27,2024-08-27
57,Doctor of Leadership,2024-08-27,2024-08-27
58,Doctor of Liberal Studies,2024-08-27,2024-08-27
59,Doctor of Library Science,2024-08-27,2024-08-27
60,Doctor of Management,2024-08-27,2024-08-27
61,Doctor of Medical Humanities,2024-08-27,2024-08-27
62,Doctor of Medical Physics,2024-08-27,2024-08-27
63,Doctor of Medical Science,2024-08-27,2024-08-27
64,Doctor of Medicine,2024-08-27,2024-08-27
65,Doctor of Ministry,2024-08-27,2024-08-27
66,Doctor of Missiology,2024-08-27,2024-08-27
67,Doctor of Modern Languages,2024-08-27,2024-08-27
68,Doctor of Music,2024-08-27,2024-08-27
69,Doctor of Music Education,2024-08-27,2024-08-27
70,Doctor of Music Therapy,2024-08-27,2024-08-27
71,Doctor of Musical Arts,2024-08-27,2024-08-27
72,Doctor of Musicology,2024-08-27,2024-08-27
73,Doctor of Naprapathic Medicine,2024-08-27,2024-08-27
74,Doctor of Naturopathic Medicine,2024-08-27,2024-08-27
75,Doctor of Nursing,2024-08-27,2024-08-27
76,Doctor of Nursing Practice,2024-08-27,2024-08-27
77,Doctor of Nursing Science,2024-08-27,2024-08-27
78,Doctor of Occupational Health,2024-08-27,2024-08-27
79,Doctor of Occupational Therapy,2024-08-27,2024-08-27
80,Doctor of Optometry,2024-08-27,2024-08-27
81,Doctor of Organizational Leadership,2024-08-27,2024-08-27
82,Doctor of Oriental Medicine,2024-08-27,2024-08-27
83,Doctor of Osteopathic Medicine,2024-08-27,2024-08-27
84,Doctor of Pastoral Counseling,2024-08-27,2024-08-27
85,Doctor of Pastoral Music,2024-08-27,2024-08-27
86,Doctor of Pharmacy,2024-08-27,2024-08-27
87,Doctor of Philosophy,2024-08-27,2024-08-27
88,Doctor of Philosophy in Education,2024-08-27,2024-08-27
89,Doctor of Physical Education,2024-08-27,2024-08-27
90,Doctor of Physical Therapy,2024-08-27,2024-08-27
91,Doctor of Podiatric Medicine,2024-08-27,2024-08-27
92,Doctor of Practical Theology,2024-08-27,2024-08-27
93,Doctor of Professional Studies,2024-08-27,2024-08-27
94,Doctor of Psychology,2024-08-27,2024-08-27
95,Doctor of Public Administration,2024-08-27,2024-08-27
96,Doctor of Public Health,2024-08-27,2024-08-27
97,Doctor of Public Management,2024-08-27,2024-08-27
98,Doctor of Recreation,2024-08-27,2024-08-27
99,Doctor of Rehabilitation,2024-08-27,2024-08-27
100,Doctor of Sacred Music,2024-08-27,2024-08-27
101,Doctor of Sacred Theology,2024-08-27,2024-08-27
102,Doctor of Science,2024-08-27,2024-08-27
103,Doctor of Science and Hygiene,2024-08-27,2024-08-27
104,Doctor of Science in Dentistry,2024-08-27,2024-08-27
105,Doctor of Science in Veterinary Medicine,2024-08-27,2024-08-27
106,Doctor of Social Science,2024-08-27,2024-08-27
107,Doctor of Social Work,2024-08-27,2024-08-27
108,Doctor of Technology,2024-08-27,2024-08-27
109,Doctor of the Science of Law,2024-08-27,2024-08-27
110,Doctor of Theology,2024-08-27,2024-08-27
111,Doctor of Transformational Leadership,2024-08-27,2024-08-27
112,Doctor of Veterinary Medicine,2024-08-27,2024-08-27
113,Juris Doctor,2024-08-27,2024-08-27
