Master of Accountancy,2024-08-27,2024-08-27
Master of Advanced Study,2024-08-27,2024-08-27
Master of Agricultural Economics,2024-08-27,2024-08-27
Master of Applied Finance,2024-08-27,2024-08-27
Master of Applied Science,2024-08-27,2024-08-27
Master of Architecture,2024-08-27,2024-08-27
Master of Arts in Liberal Studies,2024-08-27,2024-08-27
Master of Arts in Special Education,2024-08-27,2024-08-27
Master of Arts in Teaching,2024-08-27,2024-08-27
Master of Bioethics,2024-08-27,2024-08-27
Master of Business Administration,2024-08-27,2024-08-27
Master of Business Entrepreneurship and Technology,2024-08-27,2024-08-27
Master of Business,2024-08-27,2024-08-27
Master of Business Engineering,2024-08-27,2024-08-27
Master of Business Informatics,2024-08-27,2024-08-27
Master of Chemistry,2024-08-27,2024-08-27
Master of Christian Education,2024-08-27,2024-08-27
Master of City Planning,2024-08-27,2024-08-27
Master of Commerce,2024-08-27,2024-08-27
Master of Computational Finance,2024-08-27,2024-08-27
Master of Computer Applications,2024-08-27,2024-08-27
Master of Computer Science,2024-08-27,2024-08-27
Master of Counselling,2024-08-27,2024-08-27
Master of Criminal Justice,2024-08-27,2024-08-27
Master of Creative Technologies,2024-08-27,2024-08-27
Master of Data Science,2024-08-27,2024-08-27
Master of Defence Administration,2024-08-27,2024-08-27
Master of Defence Studies,2024-08-27,2024-08-27
Master of Design,2024-08-27,2024-08-27
Masters of Development Economics,2024-08-27,2024-08-27
Master of Divinity,2024-08-27,2024-08-27
Master of Economics,2024-08-27,2024-08-27
Master of Education,2024-08-27,2024-08-27
Master of Engineering Management,2024-08-27,2024-08-27
Master of Enterprise,2024-08-27,2024-08-27
Master of European Law,2024-08-27,2024-08-27
Master of Financial Economics,2024-08-27,2024-08-27
Master of Financial Engineering,2024-08-27,2024-08-27
Master of Financial Mathematics,2024-08-27,2024-08-27
Master of Fine Arts,2024-08-27,2024-08-27
Master of Health Administration,2024-08-27,2024-08-27
Master of Health Economics,2024-08-27,2024-08-27
Master of Health Science,2024-08-27,2024-08-27
Master of Humanities,2024-08-27,2024-08-27
Master of Industrial and Labor Relations,2024-08-27,2024-08-27
Master of International Affairs,2024-08-27,2024-08-27
Master of International Business,2024-08-27,2024-08-27
Master of International Economics,2024-08-27,2024-08-27
Master of International Studies,2024-08-27,2024-08-27
Master of Information and Cybersecurity,2024-08-27,2024-08-27
Master of Information and Data Science,2024-08-27,2024-08-27
Master of Information Management,2024-08-27,2024-08-27
Master of Information System Management,2024-08-27,2024-08-27
Master of Journalism,2024-08-27,2024-08-27
Master of Jurisprudence,2024-08-27,2024-08-27
Master of Laws,2024-08-27,2024-08-27
Master of Mass Communication,2024-08-27,2024-08-27
Master of Studies in Law,2024-08-27,2024-08-27
Master of Landscape Architecture,2024-08-27,2024-08-27
Master of Letters,2024-08-27,2024-08-27
Master of Liberal Arts in Extension Studies,2024-08-27,2024-08-27
Master of Library and Information Science,2024-08-27,2024-08-27
Master of Management,2024-08-27,2024-08-27
Master of Management of Innovation,2024-08-27,2024-08-27
Master of Marketing Research,2024-08-27,2024-08-27
Master of Mathematical Finance,2024-08-27,2024-08-27
Master of Mathematics,2024-08-27,2024-08-27
Master of Medical Science,2024-08-27,2024-08-27
Master of Medicine,2024-08-27,2024-08-27
Master of Military Art and Science,2024-08-27,2024-08-27
Master of Military Operational Art and Science,2024-08-27,2024-08-27
Master of Ministry,2024-08-27,2024-08-27
Master of Music,2024-08-27,2024-08-27
Master of Music Education,2024-08-27,2024-08-27
Master of Natural Resources,2024-08-27,2024-08-27
Master of Occupational Behaviour and Development,2024-08-27,2024-08-27
Master of Occupational Therapy,2024-08-27,2024-08-27
Master of Pharmacy,2024-08-27,2024-08-27
Master of Philosophy,2024-08-27,2024-08-27
Master of Physician Assistant Studies,2024-08-27,2024-08-27
Master of Physics,2024-08-27,2024-08-27
Master of Political Science,2024-08-27,2024-08-27
Master of Professional Studies,2024-08-27,2024-08-27
Master of Psychology,2024-08-27,2024-08-27
Master of Public Administration,2024-08-27,2024-08-27
Master of Public Affairs,2024-08-27,2024-08-27
Master of Public Health,2024-08-27,2024-08-27
Master of Public Management,2024-08-27,2024-08-27
Master of Public Policy,2024-08-27,2024-08-27
Master of Public Relations,2024-08-27,2024-08-27
Master of Public Service,2024-08-27,2024-08-27
Master of Quantitative Finance,2024-08-27,2024-08-27
Master of Rabbinic Studies,2024-08-27,2024-08-27
Master of Real Estate Development,2024-08-27,2024-08-27
Master of Religious Education,2024-08-27,2024-08-27
Master of Research,2024-08-27,2024-08-27
Master of Sacred Music,2024-08-27,2024-08-27
Master of Sacred Theology,2024-08-27,2024-08-27
Master of Science in Administration,2024-08-27,2024-08-27
Master of Science in Archaeology,2024-08-27,2024-08-27
Master of Science in Biblical Archaeology,2024-08-27,2024-08-27
Master of Science in Bioinformatics,2024-08-27,2024-08-27
Master of Science in Cardiovascular Perfusion,2024-08-27,2024-08-27
Master of Science in Computer Science,2024-08-27,2024-08-27
Master of Science in Counselling,2024-08-27,2024-08-27
Master of Science in Cyber Security,2024-08-27,2024-08-27
Master of Science in Engineering,2024-08-27,2024-08-27
Master of Science in Development Administration,2024-08-27,2024-08-27
Master of Science in Finance,2024-08-27,2024-08-27
Master of Science in Foreign Service,2024-08-27,2024-08-27
Master of Science in Health Informatics,2024-08-27,2024-08-27
Master of Science in Human Resource Development,2024-08-27,2024-08-27
Master of Science in Information Assurance,2024-08-27,2024-08-27
Master of Science in Information Systems,2024-08-27,2024-08-27
Master of Science in Information Technology,2024-08-27,2024-08-27
Master of Science in Leadership,2024-08-27,2024-08-27
Master of Science in Management,2024-08-27,2024-08-27
Master of Science in Medical Laboratory Sciences,2024-08-27,2024-08-27
Master of Science in Nursing,2024-08-27,2024-08-27
Master of Science in Project Management,2024-08-27,2024-08-27
Master of Science in Radiologist Assistant,2024-08-27,2024-08-27
Master of Science in Supply Chain Management,2024-08-27,2024-08-27
Master of Science in Teaching,2024-08-27,2024-08-27
Master of Science in Taxation,2024-08-27,2024-08-27
Master of Science in Yoga Therapy,2024-08-27,2024-08-27
Master of Social Science,2024-08-27,2024-08-27
Master of Social Work,2024-08-27,2024-08-27
Master of Strategic Studies,2024-08-27,2024-08-27
Master of Studies,2024-08-27,2024-08-27
Master of Surgery,2024-08-27,2024-08-27
Master of Talmudic Law,2024-08-27,2024-08-27
Master of Taxation,2024-08-27,2024-08-27
Master of Theological Studies,2024-08-27,2024-08-27
Master of Technology,2024-08-27,2024-08-27
Master of Technology Management,2024-08-27,2024-08-27
Master of Theology,2024-08-27,2024-08-27
Master of Urban Planning,2024-08-27,2024-08-27
Master of Veterinary Science,2024-08-27,2024-08-27
