1,Abada College
2,ABE International Business College-Bacolod City
3,ABE International Business College-Cainta
4,ABE International Business College-Caloocan City
5,ABE International Business College-Iloilo
6,ABE International Business College-Quezon
7,ABE International College of Business and Accountancy
8,ABE International College of Business and Accountancy-Cubao
9,ABE International College of Business and Accountancy-Urdaneta City
10,ABE International College of Business and Economics-Cabanatuan
11,ABE International College of Business and Economics-Las Piñas
12,ABE International College of Business and Economics-Manila
13,ABE International College of Business and Economics-Tacloban City
14,Abra State Institute of Science and Technology-Bangued
15,Abra State Institute of Science and Technology-Main
16,Abra Valley Colleges
17,Abubakar Computer Learning Center Foundation
18,Abuyog Community College
19,Academia de San Lorenzo Dema Ala
20,Academia de Tecnologia in Mindanao
21,Access Computer and Technical Colleges-Camarin
22,Access Computer and Technical Colleges-Cubao
23,Access Computer and Technical Colleges-Lagro
24,Access Computer and Technical Colleges-Manila
25,ACES Polytechnic College
26,Aces Tagum College
27,ACLC College of Apalit
28,ACLC College of Balanga
29,ACLC College of Bukidnon
30,ACLC College of Butuan City
31,ACLC College of Calapan
32,ACLC College of Commonwealth
33,ACLC College of Daet
34,ACLC College of Iloilo
35,ACLC College of Iriga City
36,ACLC College of Malolos
37,ACLC College of Mandaue
38,ACLC College of Manila
39,ACLC College of Marbel
40,ACLC College of Marikina
41,ACLC College of Meycauayan
42,ACLC College of San Pablo
43,ACLC College of Sorsogon
44,ACLC College of Sta. Maria
45,ACLC College of Taguig
46,ACLC College of Taytay
47,ACLC College-Baliuag
48,ACLC College-Ormoc
49,ACLC College-Tacloban City
50,ACQ College of Ministries
51,ACSI College Iloilo
52,ACTS Computer College
53,Acts Computer College-Infanta
54,Adamson University
55,Adiong Memorial Polytechnic State College
56,Advance Central College
57,Adventist College of Technology
58,Adventist International Institute of Advanced Studies
59,Adventist Medical Center College
60,Adventist Technological Institute
61,Adventist University of the Philippines
62,Aemilianum College
63,Aeronautical Academy of the Philippines
64,Ago Medical and Educational Center
65,Agoncillo College
66,Agro-Industrial Foundation College of the Philippines-Davao
67,Agusan Colleges
68,Agusan del Sur College
69,Agusan Del Sur State College of Agriculture and Technology
70,Aim High College
71,Air Link International Aviation College
72,AISAT College-Dasmariñas
73,Aklan Catholic College
74,Aklan Polytechnic College
75,Aklan State University-Banga Campus
76,Aklan State University-Ibajay Campus
77,Aklan State University-Kalibo Campus
78,Aklan State University-Makato
79,Aklan State University-New Washington
80,Al Bangsamoro Shari'ah and Professional Education College
81,Aldersgate College
82,Alfelor Sr. Memorial College
83,Alhadeetha Mindanao College
84,Alitagtag College
85,All Nations College
86,Alliance Graduate School
87,Alpha Centauri Educational System
88,Altavas College
89,AMA College-Cavite
90,AMA Computer College-Angeles City
91,AMA Computer College-Bacolod
92,AMA Computer College-Baguio
93,AMA Computer College-Batangas City
94,AMA Computer College-Biñan
95,AMA Computer College-Cabanatuan City
96,AMA Computer College-Cagayan de Oro
97,AMA Computer College-Calamba
98,AMA Computer College-Caloocan
99,AMA Computer College-Cebu City
100,AMA Computer College-Cotabato City
101,AMA Computer College-Davao
102,AMA Computer College-Dumaguete City
103,AMA Computer College-East Rizal
104,AMA Computer College-Fairview
105,AMA Computer College-General Santos City
106,AMA Computer College-Iloilo
107,AMA Computer College-La Union
108,AMA Computer College-Laoag City
109,AMA Computer College-Las Piñas
110,AMA Computer College-Legazpi City
111,AMA Computer College-Lipa City
112,AMA Computer College-Lucena
113,AMA Computer College-Makati
114,AMA Computer College-Malolos
115,AMA Computer College-Naga City
116,AMA Computer College-Olongapo City
117,AMA Computer College-Pangasinan
118,AMA Computer College-Parañaque
119,AMA Computer College-Pasig City
120,AMA Computer College-San Fernando Pampanga
121,AMA Computer College-Santiago City
122,AMA Computer College-Sta. Mesa
123,AMA Computer College-Sta.Cruz
124,AMA Computer College-Tacloban City
125,AMA Computer College-Tarlac City
126,AMA Computer College-Tuguegarao City
127,AMA Computer Learning Center College of Mabalacat
128,AMA Computer University
129,AMA School of Medicine
130,Amando Cope College
131,AMYA Polytechnic College
132,Andres Bonifacio College
133,Andres Soriano Colleges of Bislig
134,Angeles University Foundation
135,Angelicum College
136,Angono Catholic College
137,Annunciation College of Bacon Sorsogon Unit
138,Antipolo Institute of Technology (AITECH)
139,Antonio R. Pacheco College
140,Apayao State College-Luna
141,Apayao State College-Main
142,Araullo University
143,Araullo University-San Jose Campus
144,Arellano University-Malabon
145,Arellano University-Mandaluyong
146,Arellano University-Manila
147,Arellano University-Pasay
148,Arellano University-Pasig
149,Ark of the Covenant Montessori Chamber of Learning College
150,Aroroy Municipal College
151,Arriesgado College Foundation
152,Asbury College
153,Asia College of Advance Studies In Arts Sciences and Technology
154,Asia Graduate School of Theology
155,Asia Harvesters College and Seminary
156,Asia Pacific College
157,Asia Pacific College of Advanced Studies
158,Asia Pacific College of Business and Arts Inc.
159,Asia Technological School of Science and Arts (ASIATECH)
160,Asiacareer College Foundation
161,Asian College Foundation
162,Asian College of Science and Technology-Cubao
163,Asian College of Science and Technology-Dumaguete
164,Asian College of Technology
165,Asian College of Technology International Educational Foundation
166,Asian Colleges and Technological Institute
167,Asian Development Foundation College
168,Asian Institute for Distance Education
169,Asian Institute of Computer Studies-Bicutan
170,Asian Institute of Computer Studies-Quezon City
171,Asian Institute of Journalism and Communication
172,Asian Institute of Management
173,Asian Institute of Maritime Studies
174,Asian Institute of Science and Technology
175,Asian Institute of Science and Technology-Central
176,Asian Institute of Technology and Education-Tiaong Campus
177,Asian International School of Aeronautics and Technology
178,Asian School of Hospitality Arts
179,Asian Seminary of Christian Ministries
180,Asian Social Institute
181,Asian Theological Seminary
182,Asia-Pacific Christian College and Seminary
183,Asia-Pacific Nazarene Theological Seminary
184,Asma Khadijah Islamic Academy
185,As-Salihein Integrated School Foundation
186,Assumption College
187,Assumption College of Davao
188,Assumption College of Nabunturan
189,Ateneo de Davao University
190,Ateneo de Manila University Graduate School of Business
191,Ateneo De Manila University School of Medicine and Public Health
192,Ateneo de Manila University-Quezon City
193,Ateneo de Naga University
194,Ateneo de Zamboanga University
195,Aurora Pioneers Memorial College
196,Aurora State College of Technology
197,Aurora State College of Technology-Bazal
198,Aurora State College of Techonolgy-Casiguran
199,Ave Maria College
200,B.E.S.T. College of Polomolok
201,Baao Community College
202,Baco Community College
203,Bacolod City College
204,Bago City College
205,Baguio Central University
206,Baguio College of Technology
207,Bai Malgen Mama College
208,Balabagan Trade School
209,Balete Community College
210,Balian Community College
211,Balite Institute of Technology-Butuan
212,Baliuag University
213,Baliwag Maritime Foundation
214,Baliwag Polytechnic College
215,Balud Municipal College
216,Bantayan Southern Institute
217,Baptist Bible Seminary and Institute
218,Baptist Missionary Association Bible College
219,Baptist Theological College
220,Baptist Voice Bible College
221,Basilan State College
222,Basilan State College-Lamitan
223,Basilan State College-Maluso
224,Basilan State College-Sta. Clara
225,Basilan State College-Tipo-Tipo
226,Bataan Heroes Memorial College
227,Bataan Peninsula State University
228,Bataan Peninsula State University-Abucay
229,Bataan Peninsula State University-Bagac
230,Bataan Peninsula State University-Balanga
231,Bataan Peninsula State University-Dinalupihan
232,Bataan Peninsula State University-Orani
233,Batan Integrated College of Technology
234,Batanes State College
235,Batangas College of Arts and Sciences
236,Batangas Eastern Colleges
237,Batangas State University-Alangilan
238,Batangas State University-Balayan
239,Batangas State University-Lemery
240,Batangas State University-Lipa City
241,Batangas State University-Lobo
242,Batangas State University-Mabini
243,Batangas State University-Main
244,Batangas State University-Malvar
245,Batangas State University-Nasugbu
246,Batangas State University-Rosario
247,Batangas State University-San Juan
248,Bato Institute of Science and Technology
249,Batuan Colleges
250,Bayambang Polytechnic College
251,Belen B. Francisco Foundation-Albay
252,Benedicto College
253,Benedicto College-Cebu
254,Benguet State University-Bokod Campus
255,Benguet State University-Buguias Campus
256,Benguet State University-Main
257,Benguet State University-Open University
258,Bernardo College
259,Bestlink College of the Philippines
260,Bestlink College of the Philippines-Bulacan
261,Bethel Bible College of the Assemblies of God
262,Biblical Seminary of the Philippines
263,Bicol Christian College of Medicine
264,Bicol College
265,Bicol Merchant Marine College
266,Bicol State College of Applied Sciences and Technology
267,Bicol Training and Technological College
268,Bicol University Gubat Campus
269,Bicol University-College of Agriculture and Forestry
270,Bicol University-Daraga Campus
271,Bicol University-Main
272,Bicol University-Polangui Campus
273,Bicol University-Tabaco Campus
274,Biliran Province State University-Biliran Campus
275,Biliran Province State University-Main
276,Binalatongan Community College
277,Binalbagan Catholic College
278,Binangonan Catholic College
279,Binnor Pangandaman Integrated College
280,BIT International College - Siquijor
281,BIT International College-Carmen
282,BIT International College-Tagbilaran
283,BIT International College-Talibon
284,Blancia College Foundation
285,Blessed Mother College
286,Blessed Trinity College
287,Bohol Institute of Technology-Jagna
288,Bohol International Learning College
289,Bohol Island State University - Bilar
290,Bohol Island State University - Calape Polytechnic College
291,Bohol Island State University - Candijay
292,Bohol Island State University - Clarin
293,Bohol Island State University - Tagbilaran
294,Bohol Island State University-Balilihan Campus
295,Bohol Northern Star College
296,Bohol Northwestern Colleges
297,Bohol Wisdom School
298,Brent Hospital and Colleges
299,Brentwood College of Asia International School
300,Brokenshire College
301,Brokenshire College SOCSKSARGEN
302,Brookfield College in Cavite
303,BSBT College
304,BST Grace College
305,Bubong Marzok Memorial Foundation College
306,Bucas Grande Foundation College
307,Buenavista Community College
308,Buhi St. Joseph Academy
309,Bukidnon State University
310,Bukidnon State University-Alubijid ESC
311,Bukidnon State University-Baungon BSU
312,Bukidnon State University-Cabanglasan ESC
313,Bukidnon State University-Damulog Satellite ESC
314,Bukidnon State University-Impasugong
315,Bukidnon State University-Kadingilan
316,Bukidnon State University-Kalilangan BSU
317,Bukidnon State University-Kitaotao Satellite ESC
318,Bukidnon State University-Libona
319,Bukidnon State University-Malitbog
320,Bukidnon State University-Medina ESC
321,Bukidnon State University-Quezon Satellite ESC
322,Bukidnon State University-San Fernando Satellite ESC
323,Bukidnon State University-Talakag BSU
324,Bukidnon State University-Talisayan ESC
325,Bulacan Agricultural State College
326,Bulacan Agricultural State College-Doña Remedios Trinidad
327,Bulacan Polytechnic College
328,Bulacan State University-Bustos
329,Bulacan State University-Hagonoy
330,Bulacan State University-Main
331,Bulacan State University-Meneses
332,Bulacan State University-San Jose Del Monte
333,Burauen Community College
334,Butuan City Colleges
335,Butuan Doctors' College
336,BVS College
337,BWEST College
338,Cabalum Western College
339,Cabarrus Catholic College
340,Cagayan De Oro College
341,Cagayan State University-Andrews
342,Cagayan State University-Aparri
343,Cagayan State University-Gonzaga
344,Cagayan State University-Lallo
345,Cagayan State University-Lasam
346,Cagayan State University-Piat
347,Cagayan State University-Sanchez Mira
348,Cagayan State University-Tuguegarao (Carig)
349,Cagayan Valley Computer and Information Technology College
350,Cainta Catholic College
351,Calabanga Community College
352,Calamba Doctors' College
353,Calauag Central College
354,Calayan Educational Foundation
355,Calbiga Western Samar College
356,Cali Paramedical College Foundation
357,Camarines Norte College
358,Camarines Norte College of Arts and Business
359,Camarines Norte School of Law Arts and Sciences
360,Camarines Norte State College-Abaño Campus
361,Camarines Norte State College-Entienza Campus
362,Camarines Norte State College-Labo Campus
363,Camarines Norte State College-Main
364,Camarines Norte State College-Mercedes Campus
365,Camarines Norte State College-Panganiban Campus
366,Camarines Sur Polytechnic Colleges
367,Camiguin Polytechnic State College
368,Camiling Colleges
369,Camo Integrated School
370,Candelaria Institute of Technology of Cabadbaran
371,Canossa College - San Pablo
372,CAP College Foundation
373,Capalonga College
374,Capitol Medical Center Colleges
375,Capitol University
376,Capiz State University-Burias Campus
377,Capiz State University-Dayao
378,Capiz State University-Dumarao Campus
379,Capiz State University-Main
380,Capiz State University-Pilar Campus
381,Capiz State University-Poblacion Mambusao
382,Capiz State University-Pontevedra Campus
383,Capiz State University-Sigma Campus
384,Capiz State University-Tapaz Campus
385,Caraga Institute of Technology
386,Caraga School of Business
387,Caraga State University-Cabadbaran Campus
388,Caraga State University-Main Campus
389,Caramoan Community College
390,Carcar City College
391,CARD-MRI Development Institute
392,Card-MRI Development Institute
393,Carlos Hilado Memorial State Universit -College of Fisheries-Binalbagan
394,Carlos Hilado Memorial State University-Alijis
395,Carlos Hilado Memorial State University-Bacolod Campus
396,Carlos Hilado Memorial State University-Main
397,Carmelite College - Siquijor
398,Carthel Science Educational Foundation
399,Casa Del Niño College
400,Casiciaco Recoletos Seminary
401,Cataingan Municipal College
402,Cataingan Polytechnic Institute
403,Catanduanes Colleges
404,Catanduanes State University-Main
405,Catanduanes State University-Panganiban
406,Catholic Ming Yuan College
407,CATS Aero College
408,Cavite Integrated College
409,Cavite State University-Bacoor City Campus
410,Cavite State University-Carmona Campus
411,Cavite State University-Cavite City Campus
412,Cavite State University-General Trias Campus
413,Cavite State University-Imus Campus
414,Cavite State University-Main
415,Cavite State University-Naic Campus
416,Cavite State University-Rosario Campus
417,Cavite State University-Silang Campus
418,Cavite State University-Tanza Campus
419,Cavite State University-Trece Martires City Campus
420,Cavite West Point College
421,CBD College
422,Cebu Doctor's University
423,Cebu Doctor's University College of Medicine
424,Cebu Eastern College
425,Cebu Institute of Medicine
426,Cebu Institute of Technology-University
427,Cebu Mary Immaculate College
428,Cebu Normal University
429,Cebu Normal University - Balamban
430,Cebu Normal University - Medellin
431,Cebu Roosevelt Memorial College
432,Cebu Sacred Heart College
433,Cebu Sacred Heart College-Carcar City
434,Cebu School of Midwifery
435,Cebu Technological University - Cebu City Mountain Satellite Campus
436,Cebu Technological University - College of Fisheries Technology - Carmen
437,Cebu Technological University - Consolacion
438,Cebu Technological University - Main
439,Cebu Technological University-Argao Campus
440,Cebu Technological University-Barili Campus
441,Cebu Technological University-Daanbantayan Campus
442,Cebu Technological University-Danao City Campus
443,Cebu Technological University-Moalboal Campus
444,Cebu Technological University-San Francisco Campus
445,Cebu Technological University-Tuburan Campus
446,CEDAR College
447,Ceguera Technological Colleges
448,Center for Biblical Studies Institute & Seminary
449,Central Bicol State University of Agriculture-Calabanga
450,Central Bicol State University of Agriculture-Main
451,Central Bicol State University of Agriculture-Pasacao
452,Central Bicol State University of Agriculture-Sipocot
453,Central Colleges of the Philippines
454,Central Luzon College of Science and Technology-City of San Fernando (Pampanga)
455,Central Luzon College of Science and Technology-Olongapo City
456,Central Luzon Doctors' Hospital Educational Institution
457,Central Luzon State University
458,Central Mindanao Colleges
459,Central Mindanao Computer School
460,Central Mindanao University
461,Central Philippine Adventist College
462,Central Philippine Bible College
463,Central Philippine University
464,Central Philippines State University - San Carlos Campus
465,Central Philippines State University - Victorias City Campus
466,Central Philippines State University-Candoni
467,Central Philippines State University-Cauayan Campus
468,Central Philippines State University-Hinigaran Campus
469,Central Philippines State University-Hinoba-an Campus
470,Central Philippines State University-Ilog Campus
471,Central Philippines State University-Main Campus
472,Central Philippines State University-Moises Padilla Campus
473,Central Philippines State University-Sipalay Campus
474,Central Sulu College
475,Centre for International Education Global Colleges
476,Centro Colegio De Tarlac
477,Centro Escolar Las Piñas
478,Centro Escolar University-Makati
479,Centro Escolar University-Malolos City
480,Centro Escolar University-Manila
481,Chiang Kai Shek College
482,Children of Mary Immaculate College
483,Chinese General Hospital Colleges
484,Christ the King College
485,Christ The King College De Maranding
486,Christ the King College of Science and Technology
487,Christ the King College-Calbayog City
488,Christian Colleges of Southeast Asia
489,Christian Polytechnic Institute of Catanduanes
490,CICM Maryhill School of Theology
491,CICOSAT Colleges
492,CIIT College of Arts and Technology
493,CIT Colleges of Paniqui Foundation
494,Citi Global College-Biñan
495,Citi Global College-Cabuyao
496,CITI Global College-Calamba
497,City College of Angeles
498,City College of Calamba
499,City College of Calapan
500,City College of El Salvador
501,City College of Naga
502,City College of San Fernando
503,City College of San Jose del Monte
504,City College of Tagaytay
505,City of Malabon University
506,City University of Pasay
507,Clarendon College
508,Claret College of Isabela
509,Clark College of Science and Technology
510,CLCC Institute of Computer Arts & Technology
511,Coland Systems Technology
512,Colegio de Amore
513,Colegio De Calumpit
514,Colegio de Caraga
515,Colegio de Getafe
516,Colegio de Kidapawan
517,Colegio de La Ciudad de Tayabas
518,Colegio de La Ciudad de Zamboanga
519,Colegio de la Purisima Concepcion
520,Colegio de la Salle Fondation de Tacloban
521,Colegio De Las Navas
522,Colegio de Los Baños
523,Colegio de Montalban
524,Colegio de Muntinlupa
525,Colegio de Porta Vaga
526,Colegio de Puerto Galera
527,Colegio de San Antonio de Padua
528,Colegio de San Francisco Javier of Rizal Zamboanga del Norte
529,Colegio De San Gabriel Arcangel
530,Colegio de San Gabriel Archangel of Caloocan
531,Colegio de San Jose-Jaro
532,Colegio de San Juan de Letran
533,Colegio de San Juan de Letran-Abucay
534,Colegio De San Juan De Letran-Calamba
535,Colegio De San Juan De Letran-Manaoag
536,Colegio de San Juan Samar
537,Colegio de San Lorenzo Ruiz de Manila of Northern Samar
538,Colegio De San Pascual Baylon
539,Colegio De San Pedro
540,Colegio De San Sebastian-Sablayan
541,Colegio De Santa Catalina De Alejandria
542,Colegio De Santa Rita De San Carlos
543,Colegio de Santo Cristo de Burgos
544,Colegio De Santo Niño De Jasaan
545,Colegio de Sebastian-Pampanga
546,Colegio de Sta. Ana de Victorias
547,Colegio De Sta. Lourdes of Leyte Foundation
548,Colegio De Sta. Monica of Polangui
549,Colegio de Sta. Teresa de Avila Foundation
550,Colegio de Sto. Domingo de Silos
551,Colegio de Sto. Tomas Recoletos
552,Colegio de Upi
553,Colegio del Sagrado Corazon de Jesus
554,Colegio ng Lungsod ng Batangas
555,Colegio San Agustin-Bacolod
556,Colegio San Agustin-Biñan
557,Colegio San Jose De Alaminos
558,College for Research and Technology-Cabanatuan City
559,College of Arts and Sciences of Asia and the Pacific
560,College of Arts and Sciences of Asia and the Pacific
561,College of Arts and Sciences of Asia and the Pacific-Bacolod City
562,College of Divine Wisdom
563,College of Mary Immaculate of Pandi Bulacan
564,College of Our Lady of Mt. Carmel (Pampanga)
565,College of Saint Amatiel
566,College of Saint Anthony-SJDM Bulacan
567,College of Saint John Paul II Arts And Sciences
568,College of Saint Lawrence
569,College of St. Catherine
570,College of St. John-Roxas
571,College of Subic Montesorri-Dinalupihan
572,College of Subic Montessori-Subic Bay
573,College of Technological Sciences-Cebu
574,College of the Immaculate Conception
575,College of the Most Holy Trinity
576,College of the Our Lady of Mercy of Pulilan Foundation
577,Colleges of Advance Technology and Management of the Philippines
578,Columban College-Olongapo City
579,Columban College-Sta. Cruz Zambales
580,Community College of Gingoog City
581,Community College of Manito
582,Computer Arts and Technological College
583,Computer Arts and Technological College-Ligao City
584,Computer Arts and Technological College-Polangui Campus
585,Computer Communication Development Institute-Legazpi City
586,Computer Communication Development Institute-Naga
587,Computer Communication Development Institute-Sorsogon
588,Computer Systems Institute
589,Computer Technologies Institute of Zamboanga City
590,Comteq Computer and Business College
591,Concepcion Holy Cross College
592,Concord Technical Institute
593,Concordia College
594,Consolatrix College of Toledo City
595,Convention Baptist Bible College
596,Cor Jesu College
597,Cordillera A+ Computer Technology College
598,Cordillera Career Development College
599,Cordova Public College
600,CORE Gateway College
601,Cotabato Foundation College of Science and Technology
602,Cotabato Foundation College of Science and Technology-Antipas Campus
603,Cotabato Foundation College of Science and Technology-Datu Montawal Campus
604,Cotabato Foundation College of Science and Technology-Katipunan Campus
605,Cotabato Foundation College of Science and Technology-Pikit Campus
606,Cotabato Medical Foundation College
607,Cotabato State University
608,Criminal Justice College
609,Cristal e-College (Panglao Campus)
610,Cronasia Foundation College
611,CSTC College of Sciences Technology and Communications-Atimonan
612,CSTC College of Sciences Technology and Communications-Sariaya
613,CVE Colleges
614,Daehan College of Business and Technology
615,Dagupan Colleges Foundation
616,Dalubhasaan ng Lungsod ng Lucena
617,Dalubhasaan ng Lungsod ng San Pablo
618,Danao Techological College
619,Daniel B. Peña Memorial College Foundation
620,Dansalan Polytechnic College
621,Daraga Community College
622,Data Center College of the Philippines of Baguio City
623,Data Center College of the Philippines of Bangued-Abra
624,Data Center College of the Philippines of Laoag City
625,Data Center College of the Philippines-Vigan City
626,Datamex College of Saint Adeline-Fairview
627,Datamex College of Saint Adeline-Parañaque
628,Datamex College of Saint Adeline-Valenzuela
629,Datu Blo Umpar Adiong Agricultural School Foundation
630,Datu Ibrahim Paglas Memorial College
631,Datu Mala Muslim Mindanao Islamic College Foundation
632,Davao Central College
633,Davao De Oro State College
634,Davao De Oro State College-Maragusan Branch
635,Davao De Oro State College-Montevista Branch
636,Davao De Oro State College-New Bataan Branch
637,Davao del Norte State College
638,Davao del Sur State College-Main
639,Davao Doctors College
640,Davao Medical School Foundation
641,Davao Oriental State University
642,Davao Oriental State University-Banaybanay Campus
643,Davao Oriental State University-Cateel Extension Campus
644,Davao Oriental State University-San Isidro Campus
645,Davao Vision Colleges
646,Davao Winchester Colleges
647,De La Salle Andres Soriano Memorial College
648,De La Salle Health Sciences Institute
649,De La Salle John Bosco College
650,De La Salle Lipa
651,De La Salle University-Dasmariñas
652,De La Salle University-Manila
653,De La Salle-Araneta University
654,De La Salle-College of Saint Benilde
655,De La Salle-College of Saint Benilde-Antipolo
656,De La Vida College
657,De Ocampo Memorial College
658,De Vera Institute of Technology
659,Deaf Evangelistic Alliance Foundation
660,Del Sur Good Shepherd College
661,Development Academy of the Philippines
662,Diaz College
663,Diliman College
664,Dipolog City Institute of Technology
665,Divina Pastora College
666,Divine Mercy College Foundation
667,Divine Word College of Bangued
668,Divine Word College of Calapan
669,Divine Word College of Laoag
670,Divine Word College of Legazpi
671,Divine Word College of San Jose
672,Divine Word College of Vigan
673,Divine Word Mission Seminary
674,Divine Word Seminary
675,DMC College Foundation
676,DMMA College of Southern Philippines
677,DMMC Institute of Health Sciences
678,Doña Remedios Trinidad-Romualdez Medical Foundation
679,Dominican College
680,Dominican College of Sta. Rosa
681,Dominican College of Tarlac
682,Don Bosco Center of Studies
683,Don Bosco College
684,Don Bosco Technical College
685,Don Bosco Technology Center
686,Don Carlo Cavina School
687,Don Carlos Polytechnic College
688,Don Honorio Ventura Technological State University-Apalit
689,Don Honorio Ventura Technological State University-Candaba
690,Don Honorio Ventura Technological State University-Lubao
691,Don Honorio Ventura Technological State University-Main
692,Don Honorio Ventura Technological State University-Mexico
693,Don Honorio Ventura Technological State University-Porac
694,Don Honorio Ventura Technological State University-Sto.Thomas
695,Don Jose Ecleo Memorial College
696,Don Mariano Marcos Memorial State University-Mid La Union
697,Don Mariano Marcos Memorial State University-North La Union-Main Campus
698,Don Mariano Marcos Memorial State University-Open University
699,Don Mariano Marcos Memorial State University-South La Union
700,Donsol Community College
701,Dr. Aurelio Mendoza Memorial Colleges
702,Dr. Carlos S. Lanting College
703,Dr. Carlos S. Lanting College-Dr. Ruby Lanting Casaul Educational Foundation
704,Dr. Domingo B. Tamondong Memorial Hospital and College Foundation
705,Dr. Emilio B. Espinosa Sr. Memorial State College of Agriculture and Technology
706,Dr. Filemon C. Aguilar Memorial College of Las Piñas
707,Dr. Francisco L. Calingasan Memorial Colleges Foundation
708,Dr. Gloria D. Lacson Foundation Colleges - Nueva Ecija
709,Dr. Gloria D. Lacson Foundation Colleges-Cabanatuan City
710,Dr. Jose Fabella Memorial Hospital School of Midwifery
711,Dr. P. Ocampo Colleges
712,Dr. Solomon U. Molina College
713,Dr. V. Orestes Romualdez Educational Foundation
714,Dr. Yanga's Colleges
715,East Systems College of Rizal
716,Easter College
717,Eastern Kutawato College
718,Eastern Mindanao College of Technology
719,Eastern Mindoro College
720,Eastern Quezon College
721,Eastern Samar State University
722,Eastern Samar State University-Can-Avid Campus
723,Eastern Samar State University-Guiuan Campus
724,Eastern Samar State University-Maydolong Campus
725,Eastern Samar State University-Salcedo Campus
726,Eastern Star Academy
727,Eastern Visayas Central Colleges
728,Eastern Visayas State University
729,Eastern Visayas State University-Burauen Campus
730,Eastern Visayas State University-Carigara Campus
731,Eastern Visayas State University-Dulag Campus
732,Eastern Visayas State University-Ormoc Campus
733,Eastern Visayas State University-Tanauan Campus
734,Eastwoods Professional College of Science and Technology
735,Ebenezer Bible College and Seminary
736,Ebenezer International Colleges
737,Eclaro Academy
738,Edenton Mission College
739,Eduardo L. Joson Memorial College
740,Educational Systems Technological Institute
741,Electron College of Technical Education
742,Elisa R. Ochoa Memorial Northern Mindanao School of Midwifery
743,EMA EMITS College Philippines
744,Emilio Aguinaldo College
745,Emilio Aguinaldo College
746,Emmanuel System College of Bulacan
747,Emmauss College of Theology Foundation
748,Enderun Colleges
749,Enthusiastic College
750,Entrepreneurs School of Asia
751,Envirogreen School of Technology
752,Erhard Science and Technological Institute-Oriental Mindoro
753,Erhard Science College-Bulacan
754,Erhard Systems Technological Institute
755,Estenias Science Foundation School
756,"Eulogio ""Amang"" Rodriguez Institute of Science and Technology"
757,"Eulogio ""Amang"" Rodriguez Institute of Science and Technology-Cavite"
758,Evangelical Mission College
759,Evangelical Theological College of the Philippines
760,Evangelical Theological College of the Philippines-Luzon
761,Eveland Christian College
762,Evelyn E. Fabie College
763,Exact Colleges of Asia
764,F.L. Vargas College-Abulug Campus
765,Far East Asia Pacific Institute of Tourism Science and Technology
766,Far Eastern Polytechnic College
767,Far Eastern University
768,Far Eastern University-Makati
769,Father Saturnino Urios University
770,Fatima College of Camiguin
771,Fatima School of Science and Technology
772,FCD Central Institute
773,FDSA Aviation College of Science and Technology
774,FEATI University
775,Febias College of Bible
776,Felipe R. Verallo Memorial Foundation-Bogo
777,Felix O. Alfelor Sr. Foundation College
778,Fellowship Baptist College Of Kabankalan
779,Fernandez College of Arts and Technology
780,Ferndale College – Zamboanga Peninsula
781,FEU Alabang
782,FEU Cavite
783,FEU Diliman
784,FEU Institute of Technology
785,FEU Roosevelt
786,FEU-Dr. Nicanor Reyes Medical Foundation
787,FEU-FERN College
788,Filamer Christian University
789,Filipino Canadian Community College Foundation
790,First Asia Institute of Technology and Humanities
791,First City Providential College
792,First Industrial Science and Technology College
793,FL Vargas College-Tuguegarao
794,Flight School International
795,Forbes College
796,Foundation University
797,Franciscan College of the Immaculate Conception
798,Fullbright College
799,Fundamental Baptist College For Asians
800,Gabriel Taborin College of Davao Foundation
801,Gani L. Abpi College
802,Gapan City College
803,Garcia College of Technology
804,Gardner College Cainta
805,Gardner College Diliman
806,General Baptist Bible College
807,General De Jesus College
808,General Diamongun K. Mangondato College of Agriculture and Fisheries
809,General Santos Academy
810,General Santos Doctors' Medical School Foundation
811,Gensan College of Technology
812,Gensantos Foundation College
813,Gerona Junior College
814,Gingoog Christian College
815,Gingoog City College
816,GK College of Business Arts and Technology
817,Glan Institute of Technology
818,Global Academy of Technology and Entrepreneurship
819,Global City Innovative College
820,Global Reciprocal Colleges
821,Global School for Technological Studies
822,Goa Community College
823,Golden Gate Colleges
824,Golden Heritage Polytechnic College
825,Golden Link College Foundation
826,Golden Olympus College
827,Golden Success College
828,Golden Valley Colleges
829,Golden West Colleges
830,Goldenstate College
831,Goldenstate College of Kiamba
832,Goldenstate College of Koronadal City
833,Goldenstate College of Maasim
834,Goldenstate College of Malungon
835,Goodwill Colleges of North Eastern Philippines
836,Gordon College
837,Gov. Alfonso D. Tan College
838,Governor Andres Pascual College
839,Governor Generoso College of Arts Sciences and Technology
840,Governor Mariano E. Villafuerte Community College-Garchitorena
841,Governor Mariano E. Villafuerte Community College-Libmanan
842,Governor Mariano E. Villafuerte Community College-Siruma
843,Governor Mariano E. Villafuerte Community College-Tinambac
844,Grabsum School
845,Grace Christian College
846,Grace Mission College
847,Grain of Wheat College
848,Granby Colleges of Science & Technology
849,Green International Technological College
850,Green Valley College Foundation
851,Greenville College
852,GSEF College
853,Guagua Community College
854,Guagua National Colleges
855,Guang Ming College
856,Guardian Bona Fide for Hope Foundation
857,Guimaras State College-Baterna Campus
858,Guimaras State College-Main
859,Guimaras State College-Mosqueda
860,Guinayangan College Foundation
861,Guzman College of Science and Technology
862,Hadji Butu School of Arts and Trades
863,Hadji Datu Saidona Pendatun Foundation College
864,Hardam Furigay Colleges Foundation
865,Harris Memorial College
866,Headstart College of Cotabato
867,Hercor College
868,HGBaquiran College
869,Hinatuan Southern College
870,HMIJ Foundation Philippine Islamic College
871,Holy Angel University
872,Holy Child College of Davao
873,Holy Child College of Information Technology
874,Holy Child Colleges of Butuan City
875,Holy Child Jesus College
876,Holy Cross College of Calinan
877,Holy Cross College of Carigara
878,Holy Cross College of Sasa
879,Holy Cross College-Nueva Ecija
880,Holy Cross College-Pampanga
881,Holy Cross of Davao College
882,Holy Infant College
883,Holy Name University
884,Holy Rosary College Foundation
885,Holy Rosary Colleges Foundation
886,Holy Rosary Major Seminary
887,Holy Spirit College Foundation of Leyte
888,Holy Trinity College
889,Holy Trinity College of Camarines Sur
890,Holy Trinity College of General Santos City
891,Holy Trinity College Seminary
892,Holy Trinity University
893,Holy Virgin of Salvacion Foundation College
894,Hua Siong College of Iloilo
895,Hyrons College Philippines
896,IBA College of Mindanao
897,ICCT Colleges-Antipolo
898,ICCT Colleges-Binangonan
899,ICCT Colleges-Cainta
900,ICCT Colleges-San Mateo
901,ICCT Colleges-Taytay
902,ICI Global University
903,ICT-ED Institute of Science and Technology
904,IETI College of Science and Technology
905,IETI College of Science and Technology-Marikina
906,IETI College-Alabang
907,Ifugao State University - Lagawe Campus
908,Ifugao State University - Main
909,Ifugao State University - Potia
910,Ifugao State University - Tinoc
911,Ifugao State University-Aguinaldo
912,Ifugao State University-Hapao
913,Iligan Capitol College
914,Iligan Medical Center College
915,i-Link College of Science and Technology
916,Illana Bay Integrated Computer College
917,Ilocos Sur Community College
918,Ilocos Sur Polytechnic State College-Candon
919,Ilocos Sur Polytechnic State College-Cervantes
920,Ilocos Sur Polytechnic State College-College of Arts and Sciences-Tagudin
921,Ilocos Sur Polytechnic State College-College of Engineering and Technology-Santiago
922,Ilocos Sur Polytechnic State College-College of Fisheries and Marine Sciences-Narvacan
923,Ilocos Sur Polytechnic State College-Main Campus
924,Ilocos Sur Polytechnic State College-Sta. Maria
925,Iloilo City Community College
926,Iloilo Doctors' College
927,Iloilo Doctors' College of Medicine
928,Iloilo Merchant Marine School
929,Iloilo Science and Technology University-Barotac Nuevo Campus
930,Iloilo Science and Technology University-Dumangas Campus
931,Iloilo Science and Technology University-Leon Campus
932,Iloilo Science and Technology University-Main
933,Iloilo Science and Technology University-Miagao Campus
934,Iloilo State College of Fisheries-Barotac Nuevo Campus
935,Iloilo State College of Fisheries-Dingle Campus
936,Iloilo State college of Fisheries-Dumangas Campus
937,Iloilo State College of Fisheries-Main
938,Iloilo State College of Fisheries-San Enrique Campus
939,Immaculada Concepcion College
940,Immaculate Conception Archdiocesan School
941,Immaculate Conception College of Balayan
942,Immaculate Conception College-Albay
943,Immaculate Conception I-College of Arts and Technology
944,Immaculate Conception Major Seminary
945,Immaculate Conception School of Theology
946,Immaculate Heart of Mary College-Parañaque
947,Immaculate Heart of Mary Seminary
948,Immanuel Bible College
949,Immanuel Theological Seminary
950,Imus Institute of Science and Technology
951,Indiana School of Aeronautics
952,Infant Jesus Montessori School (College Department)
953,Informatics College Cavite
954,Informatics College-Manila
955,Informatics College-Northgate
956,Information And Communications Technology Academy
957,Information and Communications Technology Academy
958,Infotech College of Arts and Sciences Philippines
959,Infotech Development Systems Colleges
960,Initao College
961,Innovative College of Science and Technology
962,Institute of Business Science and Medical Arts
963,Institute of Community and Family Health
964,Institute of Formation and Religious Studies
965,Institute of International Culinary and Hospitality Entrepreneurship Inc.
966,Integrated Innovation and Hospitality Colleges
967,Integrated Midwives Association of the Philippines Foundation School of Midwifery
968,Interface Computer College
969,Interface Computer College-Caloocan
970,Interface Computer College-Iloilo
971,Interface Computer College-Manila
972,Inter-Global College Foundation
973,International Baptist College
974,International Christian College of Manila
975,International College for Excellence
976,International Graduate School of Leadership
977,International Peace Leadership College
978,International School of Asia and the Pacific
979,International School of Asia and the Pacific
980,Interworld College of Technology Foundation-Tarlac
981,Interworld Colleges Foundation - Paniqui
982,Iqra Development Academy
983,Iranun Foundation College
984,Isabela College of Arts and Technology
985,Isabela Colleges
986,Isabela State University-Angadanan Campus
987,Isabela State University-Cabagan
988,Isabela State University-Cauayan Campus
989,Isabela State University-Ilagan Campus
990,Isabela State University-Jones Campus
991,Isabela State University-Main (Echague)
992,Isabela State University-Palanan Campus
993,Isabela State University-Roxas Campus
994,Isabela State University-San Mariano Campus
995,Isabela State University-San Mateo Campus
996,ISHRM School System-Bacoor
997,I-Tech College-Bago City
998,Jamiat Cotabato and Institute of Technology
999,Jamiatu Dansalan Al-Islamia Foundation
1000,Jamiatu Marawi Al-Islamia Foundation
1001,Jamiatu Muslim Mindanao
1002,Jamiatul Philippine Al-Islamia
1003,Javier E. Garde Essential Colleges
1004,JE Mondejar Computer College
1005,Jesus Is Lord Colleges Foundation
1006,Jesus Reigns Christian College Foundation
1007,Jesus Reigns Christian College-Amadeo Foundation
1008,Jocson College
1009,John B. Lacson Colleges Foundation-Bacolod
1010,John B. Lacson Foundation Maritime University-Arevalo
1011,John B. Lacson Foundation Maritime University-Molo
1012,John Paul College
1013,John Wesley College
1014,Joji Ilagan Career Center Foundation
1015,Joji Ilagan International Management School
1016,Joji Ilagan International School of Hotel & Tourism Management
1017,Jose C. Feliciano College Foundation
1018,Jose Maria College
1019,Jose Rizal Memorial State University - Main
1020,Jose Rizal Memorial State University-Dipolog
1021,Jose Rizal Memorial State University-Katipunan Campus
1022,Jose Rizal Memorial State University-Siocon
1023,Jose Rizal Memorial State University-Tampilisan
1024,Jose Rizal University
1025,Josefina H. Cerilles State College
1026,Josefina H. Cerilles State College - Dumingag
1027,Josefina H. Cerilles State College-Canuto M.S. Enerio College of Arts and Trades
1028,Juan S. Alano Memorial School
1029,Kabankalan Catholic College
1030,Kalayaan College
1031,Kalinga Colleges of Science and Technology
1032,Kalinga State University-Dagupan
1033,Kalinga State University-Main
1034,Kalinga State University-Rizal
1035,Kapalong College of Agriculture Sciences and Technology
1036,Keystone College
1037,Khadijah Mohammad Islamic Academy
1038,Kidapawan Doctors College
1039,Kinect Academy
1040,King Solomon Institute
1041,King Thomas Learning Academy
1042,Kingfisher School of Business & Finance
1043,King's College of Isulan
1044,King's College of Marbel
1045,King's College of the Philippines-Bambang
1046,King's College of the Philippines-Benguet
1047,Kingsville Advanced School
1048,Koinonia Theological Seminary Foundation
1049,Kolehiyo ng Lungsod ng Dasmariñas
1050,Kolehiyo ng Lungsod ng Lipa
1051,Kolehiyo ng Pantukan
1052,Kolehiyo ng Subic
1053,Korbel Foundation College
1054,Kulaman Academy
1055,Kurios Christian Colleges Foundation
1056,Kutawato Darrusalam College
1057,La Carlota City College
1058,La Concepcion College
1059,La Consolacion College-Bacolod
1060,La Consolacion College-Bais
1061,La Consolacion College-Biñan
1062,La Consolacion College-Caloocan
1063,La Consolacion College-Daet
1064,La Consolacion College-Iriga City
1065,La Consolacion College-Isabela
1066,La Consolacion College-Liloan
1067,La Consolacion College-Manila
1068,La Consolacion College-Novaliches
1069,La Consolacion College-Pasig
1070,La Consolacion College-Tanauan
1071,La Consolacion College-Valenzuela
1072,La Consolacion University Philippines
1073,La Salette of Roxas College
1074,La Salle University
1075,La Union Christian Comprehensive College
1076,La Union College of Science and Technology
1077,La Verdad Christian College
1078,La Verdad Christian College-Caloocan
1079,Laak Institute Foundation
1080,Lacson College
1081,Lady of Lourdes Hospital & Colleges of Caybiga
1082,Laguna College
1083,Laguna College of Business and Arts
1084,Laguna Maritime Arts and Business Colleges
1085,Laguna Northwestern College
1086,Laguna Northwestern College-SLRMC
1087,Laguna Science and Technology College
1088,Laguna State Polytechnic University-Los Baños
1089,Laguna State Polytechnic University-Main
1090,Laguna State Polytechnic University-San Pablo City
1091,Laguna State Polytechnic University-Sta. Cruz
1092,Laguna University
1093,Lake Lanao College
1094,Lamitan Technical Institute
1095,Lanao Agricultural College
1096,Lanao Central College
1097,Lanao Educational Institute
1098,Lanao Islamic Paramedical College Foundation
1099,Lanao School of Science and Technology
1100,Lapak Agricultural School
1101,Lapu-Lapu Cebu International College
1102,Lapu-lapu City College
1103,Leading Edge International Aviation Academy
1104,Lebak Family Doctors' School of Midwifery
1105,Legacy College of Compostela
1106,Lemery Colleges
1107,Leon Guinto Memorial College
1108,Leyte Colleges
1109,Leyte Normal University
1110,Libacao College of Science and Technology
1111,Libon Community College
1112,Liceo De Cagayan University
1113,Liceo De Davao
1114,Liceo de Masbate
1115,Liceo de Pulilan Colleges
1116,Liceo de San Jacinto Foundation
1117,Ligao Community College
1118,Limay Polytechnic College
1119,Lipa City Colleges
1120,LNC Corinthian Center
1121,Loral Douglas Woosley Bethany Colleges
1122,Lorma Colleges
1123,Lourdes College
1124,Lourdes College of Bulacan
1125,Lower Isarog Foundation Exponent
1126,LPU-St. Cabrini School of Health Sciences
1127,Lucan Central Colleges
1128,Luis H. Dilanco Sr. Foundation College
1129,Luna Colleges
1130,Luna Goco Colleges-Calapan
1131,Lyceum de San Pablo
1132,Lyceum Northern Luzon
1133,Lyceum Northwestern University
1134,Lyceum Northwestern University-Urdaneta Campus
1135,Lyceum of Alabang
1136,Lyceum of Aparri
1137,Lyceum of Cebu
1138,Lyceum of Iligan Foundation
1139,Lyceum of Southern Luzon
1140,Lyceum of St. Dominic
1141,Lyceum of Subic Bay
1142,Lyceum of the East-Aurora
1143,Lyceum of the Philippines University
1144,Lyceum of the Philippines University-Batangas
1145,Lyceum of the Philippines-Cavite
1146,Lyceum of the Philippines-Davao
1147,Lyceum of the Philippines-Laguna
1148,Lyceum of Tuao
1149,Lyceum of Western Luzon - Zambales
1150,Mabalacat City College
1151,Mabini College of Batangas
1152,Mabini Colleges
1153,Maco de Oro College
1154,Madridejos Community College
1155,Magna Anima Teachers College
1156,Magsaysay College
1157,Magsaysay Memorial College of Zambales
1158,Mahardika Institute of Technology
1159,Maila Rosario Colleges
1160,Makati Medical Center College
1161,Makati Science Technological Institute of the Philippines
1162,Makilala Institute of Science and Technology
1163,Malasiqui Agno Valley College
1164,Malay College
1165,Malayan Colleges Mindanao
1166,Malayan Colleges of Laguna
1167,Malindig Institute Foundation
1168,Mallig Plains Colleges
1169,Mandaue City College
1170,Manila Adventist College
1171,Manila Business College Foundation
1172,Manila Central University
1173,Manila Law College
1174,Manila Theological College
1175,Manila Tytana Colleges
1176,Manuel L. Quezon University
1177,Manuel S. Enverga Institute Foundation-San Antonio
1178,Manuel S. Enverga University Foundation-Calauag
1179,Manuel S. Enverga University Foundation-Candelaria
1180,Manuel S. Enverga University Foundation-Catanauan
1181,Manuel S. Enverga University Foundation-Lucena
1182,Manuel V. Gallego Foundation Colleges
1183,Mapandi Memorial College
1184,Mapua University-Makati
1185,Mapua University-Manila
1186,Maranao Islamic Institute - Ma'Had Maranao Al-Islamie
1187,Marasigan Institute of Science and Technology (M.I.S.T.)
1188,Marawi Capitol College Foundation
1189,Marawi Islamic College
1190,Marbel Institute of Technical College
1191,Marbel School of Science and Technology
1192,Marcelino Fule Memorial College
1193,Maria Assumpta Seminary
1194,Mariam School of Nursing
1195,Marian College
1196,Marian College of Baliuag
1197,Mariano Marcos State University-College of Agriculture and Forestry-Dingras
1198,Mariano Marcos State University-College of Aquatic Sciences and Applied Technology
1199,Mariano Marcos State University-College of Industrial Technology-Laoag City
1200,Mariano Marcos State University-College of Teacher Education-Laoag City
1201,Mariano Marcos State University-Main
1202,Marianum College
1203,Marie-Bernarde College
1204,Marikina Polytechnic College
1205,Marinduque Midwest College
1206,Marinduque State University-Gasan Campus
1207,Marinduque State University-Main Campus
1208,Marinduque State University-Sta. Cruz Campus
1209,Marinduque State University-Torrijos Campus
1210,Mariners' Polytechnic Colleges Foundation of Canaman
1211,Mariners' Polytechnic Colleges Foundation of Legazpi City
1212,Mariners' Polytechnic Colleges Foundation of Naga City
1213,Maritime Academy of Asia and the Pacific
1214,Martinez Memorial College
1215,Marvelous College of Technology
1216,Mary Cause of Our Joy College Seminary
1217,Mary Chiles College
1218,Mary Help of Christian College Salesian Sisters
1219,Mary Help of Christians College Seminary
1220,Mary Help of Christians Theology Seminary
1221,Mary Our Help Technical Institute for Women
1222,Mary the Queen College of Quezon City
1223,Mary the Queen College-Pampanga
1224,Maryhill College
1225,Maryknoll College of Panabo
1226,Marymount Professional Colleges
1227,Mary's Children Formation College
1228,Masbate Central Technical Institute
1229,Masbate Colleges
1230,Masbate Polytechnic and Development College
1231,Masiricampo Abantas Memorial Educational Center
1232,Masters Technological Institute of Mindanao
1233,Mater Dei Academy - Sta. Maria
1234,Mater Dei College-Bohol
1235,Mater Dei College-Silay City
1236,Mater Divinae Gratiae College
1237,Mater Redemptoris College of San Jose City
1238,Mater Redemptoris Collegium
1239,Mater Salutis College Seminary
1240,Mati Doctors College
1241,Mati Polytechnic College
1242,MATS College of Technology
1243,Medical Colleges of Northern Philippines
1244,Medina College
1245,Medina College-Ipil
1246,Medina College-Pagadian
1247,Medina Foundation College
1248,Megabyte College of Science and Technology-Florida
1249,Merchant Marine Academy of Caraga
1250,Meridian International College of Business and Arts
1251,Messiah College Foundation
1252,Metro Business College-Pasay
1253,Metro Dumaguete College
1254,Metro Manila College
1255,Metro Subic Colleges
1256,Metro Zampen College
1257,Metro-Dagupan Colleges
1258,Metropolitan Institute of Arts and Sciences
1259,Metropolitan Medical Center College of Arts Science and Technology
1260,Metropolitan School of Science and Technology
1261,Meycauayan College
1262,Mham College
1263,Micro Asia College of Science and Technology
1264,Microcity College of Business and Technology
1265,Microsystem International Institute of Technology
1266,MIDWAY COLLEGES Inc.
1267,Mina de Oro Institute of Science and Technology
1268,Mind and Integrity College
1269,Mindanao Arts and Technological Institute
1270,Mindanao Autonomous College Foundation
1271,Mindanao Autonomous College Foundation-Maluso
1272,Mindanao Capitol College
1273,Mindanao Institute of Healthcare Professionals
1274,Mindanao Islamic Computer College
1275,Mindanao Kokusai Daigaku
1276,Mindanao Medical Foundation College
1277,Mindanao Polytechnic College
1278,Mindanao State University - Iligan Institute of Technology
1279,Mindanao State University-Buug College
1280,Mindanao State University-General Santos
1281,Mindanao State University-Lanao Del Norte Agricultural College
1282,Mindanao State University-Lanao National College of Arts and Trades
1283,Mindanao State University-Maguindanao
1284,Mindanao State University-Maigo School of Arts and Trades
1285,Mindanao State University-Main Campus Marawi City
1286,Mindanao State University-Naawan
1287,Mindanao State University-Sulu Development Technical College
1288,Mindanao State University-Tawi-Tawi College of Technology and Oceanography
1289,Mindanaoan Integrated Academy
1290,Mindoro State University-Bongabong Campus
1291,Mindoro State University-Calapan City Campus
1292,Mindoro State University-Main Campus
1293,Miriam College
1294,Misamis Institute of Technology
1295,Misamis Oriental Institute of Science and Technology
1296,Misamis University
1297,Misamis University-Oroquieta City
1298,MMG College of General Santos City
1299,MOL Magsaysay Maritime Academy
1300,Mondriaan Aura College
1301,Monkayo College of Arts Sciences and Technology
1302,Montano Lamberte Go Collegeof Learning
1303,Mother of Good Counsel Seminary
1304,Mother of Life Center
1305,Mount Carmel College
1306,Mount Carmel College of Casiguran
1307,Mount Carmel College-Baler
1308,Mount Moriah College
1309,Mountain Province State Polytechnic College-Main
1310,Mountain Province State Polytechnic College-Tadian
1311,Mountain View College
1312,Mountview College
1313,MRDA Academic Center
1314,Mt. Apo Science Foundation College
1315,Mt. Carmel College of San Francisco
1316,Mt. St. Aloysius Seminary
1317,Mt.Carmel College of Bocaue Bulacan
1318,Muslim Mindanao Integrated College Academy
1319,Mystical Rose College of Science and Technology
1320,Naga College Foundation
1321,Naga View Adventist College
1322,NAMEI Polytechnic Institute
1323,National Christian Life College
1324,National College of Business and Arts-Cubao
1325,National College of Business and Arts-Fairview
1326,National College of Business and Arts-Taytay
1327,National College of Science and Technology (NCST)
1328,National Defense College
1329,National Polytechnic College of Science and Technology
1330,National University
1331,Navotas Polytechnic College
1332,Nazarenus College and Hospital Foundation
1333,Nazareth Institute of Alfonso
1334,NBS College
1335,Negros College
1336,Negros Maritime College Foundation
1337,Negros Oriental State University -Bais II
1338,Negros Oriental State University-Bais1
1339,Negros Oriental State University-Bayawan
1340,Negros Oriental State University-Guihulngan
1341,Negros Oriental State University-Mabinay Institute of Technology
1342,Negros Oriental State University-Main Campus
1343,Negros Oriental State University-Siaton Community College
1344,New Brighton School of the Philippines
1345,New England College
1346,New Era University
1347,New Era University - Lipa Campus
1348,New Era University-Baras Campus
1349,New Era University-General Santos City
1350,New Era University-Pampanga
1351,New Hope School of Agriculture and Fishery
1352,New Sinai School and Colleges-Sta. Rosa
1353,NICOSAT Colleges
1354,NJ Valdez Colleges Foundation
1355,North Central Mindanao College
1356,North Coast Bohol Institute
1357,North Davao Colleges-Panabo
1358,North Davao College-Tagum Foundation
1359,North Eastern Mindanao State University-Cagwait
1360,North Eastern Mindanao State University-Cantilan
1361,North Eastern Mindanao State University-Lianga
1362,North Eastern Mindanao State University-Main
1363,North Eastern Mindanao State University-San Miguel
1364,North Eastern Mindanao State University-Tagbina
1365,North Negros College
1366,North Valley College Foundation
1367,Northeast Luzon Adventist College
1368,Northeastern Cebu Colleges
1369,Northeastern College
1370,Northeastern Mindanao Colleges
1371,Northern Bukidnon State College
1372,Northern Cagayan Colleges Foundation
1373,Northern Cebu College
1374,Northern Christian College
1375,Northern Iloilo State University-Ajuy Campus
1376,Northern Iloilo State University-Barotac Viejo Campus
1377,Northern Iloilo State University-Batad Campus
1378,Northern Iloilo State University-Concepcion Campus
1379,Northern Iloilo State University-Estancia Iloilo
1380,Northern Iloilo State University-Lemery Campus
1381,Northern Iloilo State University-Sara Campus
1382,Northern Luzon Adventist College
1383,Northern Mindanao Colleges
1384,Northern Negros State College of Science and Technology
1385,Northern Negros State College of Science and Technology-Calatrava
1386,Northern Negros State College of Science and Technology-Escalante
1387,Northern Philippines College for Maritime Science and Technology
1388,Northern Quezon College
1389,Northern Samar Colleges
1390,Northern Zambales College
1391,Northills College of Asia (NCA)
1392,Northlink Technological College
1393,Northwest Samar State University
1394,Northwest Samar State University-San Jorge Campus
1395,Northwestern Agusan Colleges
1396,Northwestern Mindanao Christian Colleges
1397,Northwestern Mindanao State College of Science and Technology
1398,Northwestern University
1399,Northwestern Visayan Colleges
1400,Norzagaray College
1401,Notre Dame Center For Catechesis
1402,Notre Dame Hospital and School of Midwifery
1403,Notre Dame of Dadiangas University
1404,Notre Dame of Jolo College
1405,Notre Dame of Kidapawan College
1406,Notre Dame of Marbel University
1407,Notre Dame of Midsayap College
1408,Notre Dame of Salaman College
1409,Notre Dame of Tacurong College
1410,Notre Dame RVM College of Cotabato
1411,Notre Dame University
1412,Notre Dame-Siena College of Polomolok
1413,Nova Schola Tanauan
1414,NU Bulacan
1415,NU Dasmariñas
1416,NU Fairview
1417,NU Lipa
1418,NU Sports Academy
1419,Nueva Ecija Doctors' Colleges
1420,Nueva Ecija University of Science and Technology-Atate
1421,Nueva Ecija University of Science and Technology-Carranglan
1422,Nueva Ecija University of Science and Technology-Fort Magsaysay
1423,Nueva Ecija University of Science and Technology-Main
1424,Nueva Ecija University of Science and Technology-Papaya
1425,Nueva Ecija University of Science and Technology-Peñaranda
1426,Nueva Ecija University of Science and Technology-San Antonio Campus
1427,Nueva Ecija University of Science and Technology-San Isidro Campus
1428,Nueva Ecija University of Science and Technology-San Leonardo
1429,Nueva Ecija University of Science and Technology-Sebani Estate Agricultural College
1430,Nueva Ecija University of Science and Technology-Sto. Domingo
1431,Nueva Ecija University of Science and Technology-Sumacab Campus
1432,Nueva Ecija University of Science and Technology-Talavera
1433,Nueva Vizcaya State University - Main Bayombong
1434,Nueva Vizcaya State University-Bambang
1435,Nuevo Zamboanga College
1436,NYK-TDG Maritime Academy
1437,Oas Community College
1438,Oblates of Saint Joseph College of Philosophy
1439,Occidental Mindoro State College
1440,Occidental Mindoro State College-Labangan Campus
1441,Occidental Mindoro State College-Lubang Campus
1442,Occidental Mindoro State College-Mamburao
1443,Occidental Mindoro State College-Murtha Campus
1444,Occidental Mindoro State College-Sablayan Campus
1445,Olinsterg College
1446,Olivarez College
1447,Olivarez College-Tagaytay
1448,OLRA College Foundation
1449,One Cainta College
1450,Opol Community College
1451,Oro Bible College
1452,Osias Colleges
1453,Osias Educational Foundation
1454,Osmeña Colleges
1455,Our Lady of Assumption College of Laguna
1456,Our Lady of Assumption College-Cabuyao
1457,Our Lady of Fatima University-Antipolo
1458,Our Lady of Fatima University-Laguna
1459,Our Lady of Fatima University-Pampanga
1460,Our Lady of Fatima University-Quezon City
1461,Our Lady of Fatima University-Valenzuela
1462,Our Lady of Guadalupe Colleges
1463,Our Lady of La Sallete College Seminary
1464,Our Lady of Lourdes College
1465,Our Lady of Lourdes College Foundation
1466,Our Lady of Lourdes Seminary
1467,Our Lady of Lourdes Technological College
1468,Our Lady of Manaoag Montessori College
1469,Our Lady of Mercy College
1470,Our Lady of Peñafrancia Seminary
1471,Our Lady of Peace College Seminary
1472,Our Lady of Perpetual Succor College
1473,Our Lady of Sacred Heart College of Guimba
1474,Our Lady of Salvation College
1475,Our Lady of the Angels Seminary
1476,Our Lady of the Most Holy Rosary Seminary
1477,Our Lady of the Most Holy Trinity College Seminary
1478,Our Lady of the Pillar College-Cauayan
1479,Our Lady of the Pillar College-Cauayan San Manuel Branch
1480,Our Lady of Triumph Institute of Technology
1481,Our Lady of Triumph Institute of Technology
1482,Oxfordian Colleges
1483,Pacasum College
1484,PACE Graduate School of Christian Education
1485,Pacific InterContinental College
1486,Pacific Southbay College
1487,Paete Science and Business College
1488,Pagadian Capitol College
1489,Pagadian City International College
1490,Palaris College
1491,Palawan Polytechnic College
1492,Palawan State University
1493,Palawan State University- Balabac
1494,Palawan State University- Brooke's Point
1495,Palawan State University-Araceli
1496,Palawan State University-Bataraza
1497,Palawan State University-Coron
1498,Palawan State University-Cuyo
1499,Palawan State University-Dumaran
1500,Palawan State University-Linapacan
1501,Palawan State University-Narra
1502,Palawan State University-New Ibajay El Nido
1503,Palawan State University-Quezon
1504,Palawan State University-Rizal
1505,Palawan State University-Roxas
1506,Palawan State University-San Rafael Puerto Princesa City
1507,Palawan State University-San Vicente
1508,Palawan State University-Sofronio Española
1509,Palawan State University-Taytay
1510,Palawan Technological College
1511,Palompon Institute of Technology
1512,Palompon Institute of Technology-Tabango Campus
1513,Pamantasan ng Cabuyao
1514,Pamantasan ng Lungsod ng Marikina
1515,Pamantasan ng Lungsod ng Maynila
1516,Pamantasan ng Lungsod ng Muntinlupa
1517,Pamantasan ng Lungsod ng Pasig
1518,Pamantasan ng Lungsod ng Valenzuela
1519,Pambayang Dalubhasaan ng Marilao
1520,Pambayang Kolehiyo ng Mauban
1521,Pampanga Colleges
1522,Pampanga State Agricultural University
1523,Pandan Bay Institute
1524,Pangantucan Bukidnon Community College
1525,Pangasinan Merchant Marine Academy
1526,Pangasinan State University
1527,Pangasinan State University-Alaminos City
1528,Pangasinan State University-Asingan
1529,Pangasinan State University-Bayambang
1530,Pangasinan State University-Binmaley
1531,Pangasinan State University-Infanta
1532,Pangasinan State University-Open University
1533,Pangasinan State University-San Carlos City
1534,Pangasinan State University-Sta. Maria
1535,Pangasinan State University-Urdaneta City
1536,Panpacific University
1537,Panpacific University North Philippines-Tayug
1538,Parañaque City College
1539,Paradigm Colleges of Science and Technology
1540,Parang Foundation College
1541,Partido College
1542,Partido State University-Caramoan Campus
1543,Partido State University-Lagonoy Campus
1544,Partido State University-Main
1545,Partido State University-Sagñay Campus
1546,Partido State University-Salogon Campus
1547,Partido State University-San Jose Campus
1548,Partido State University-Tinambac Campus
1549,Pasig Catholic College
1550,Pass College
1551,Passi City College
1552,Pateros Technological College
1553,Patria Sable Corpus College
1554,PATTS College of Aeronautics
1555,Paul College of Leadership
1556,Perpetual Help College of Manila
1557,Perpetual Help College of Pangasinan
1558,Perpetual Help Paramedical School
1559,Philippine Advent College
1560,Philippine Advent College - Leon B. Postigo Campus
1561,Philippine Advent College-Salug
1562,Philippine Best Training Systems Colleges
1563,Philippine Central Islands College Foundation
1564,Philippine Christian University
1565,Philippine College Foundation
1566,Philippine College of Business and Accountancy
1567,Philippine College of Criminology
1568,Philippine College of Health Sciences
1569,Philippine College of Ministry
1570,Philippine College of Northwestern Luzon
1571,Philippine College of Science and Technology
1572,Philippine College of Technology
1573,Philippine Computer Foundation College-Pili
1574,Philippine Countryville College
1575,Philippine Cultural College
1576,Philippine Darakbang Theological College
1577,Philippine Dominican Center of Institutional Studies
1578,Philippine Electronics and Communication Institute of Technology
1579,Philippine Engineering and Agro-Industrial College
1580,Philippine International College
1581,Philippine Last Frontier College
1582,Philippine Law Enforcement College
1583,Philippine Law School
1584,Philippine Merchant Marine Academy
1585,Philippine Merchant Marine School-Las Piñas
1586,Philippine Merchant Marine School-Manila
1587,Philippine Military Academy
1588,Philippine Missionary Institute
1589,Philippine Muslim Teachers' College
1590,Philippine National Police Academy
1591,Philippine Nazarene College
1592,Philippine Normal University-Cadiz
1593,Philippine Normal University-Lopez
1594,Philippine Normal University-Main
1595,Philippine Normal University-Mindanao Campus
1596,Philippine Normal University-North Luzon Campus
1597,Philippine Public Safety College
1598,Philippine Rehabilitation Institute Foundation
1599,Philippine Rehabilitation Institute Foundation-Guagua
1600,Philippine Remnant College
1601,Philippine School of Business Administration-Manila
1602,Philippine School of Business Administration-Quezon City
1603,Philippine School of Interior Design- AHLEN Institute
1604,Philippine State College of Aeronautics-Fernando Air Base
1605,Philippine State College of Aeronautics-Mactan Air Base
1606,Philippine State College of Aeronautics-Main
1607,Philippine State College of Aeronautics-Pampanga Extension
1608,Philippine Technological and Marine Sciences-Zamboanga del Sur
1609,Philippine Technological Institute of Science Arts and Trade-Central
1610,Philippine Women`s University Career Development and Continuing Education Center - Tarlac
1611,Philippine Women`s University Career Development and Continuing Education Center-Bataan
1612,Philippine Women's College of Davao
1613,Philippine Women's University-Career Development and Continuing Education Center-Sta. Cruz
1614,PHILSIN College Foundation
1615,PHINMA-Upang College Urdaneta
1616,Picardal Institute of Science and Technology
1617,Pilar Colege of Zamboanga City
1618,Pilgrim Christian College
1619,Pili Capital College
1620,PIMSAT Colleges-Bacoor
1621,PIMSAT Colleges-Dagupan
1622,PIMSAT Colleges-San Carlos City
1623,Pinamalayan Maritime Foundation and Technological College
1624,Pines City Colleges
1625,PLT College
1626,PLT College of Guinobatan
1627,PMI Colleges-Bohol
1628,PMI Colleges-Manila
1629,PMI Colleges-Quezon City
1630,PNTC Colleges
1631,Pola Community College
1632,Polangui Community College
1633,Polytechnic College of Botolan
1634,Polytechnic College of Davao del Sur
1635,Polytechnic College of La union
1636,Polytechnic College of the City of Meycauayan
1637,Polytechnic Institute of Tabaco
1638,Polytechnic University of the Philippines
1639,Polytechnic University of the Philippines-Alfonso
1640,Polytechnic University of the Philippines-Bansud Campus
1641,Polytechnic University of the Philippines-Biñan
1642,Polytechnic University of the Philippines-Cabiao
1643,Polytechnic University of the Philippines-Calauan
1644,Polytechnic University of the Philippines-General Luna Quezon
1645,Polytechnic University of the Philippines-Lopez
1646,Polytechnic University of the Philippines-Maragondon
1647,Polytechnic University of the Philippines-Mariveles
1648,Polytechnic University of the Philippines-Mulanay
1649,Polytechnic University of The Philippines-Open University
1650,Polytechnic University of the Philippines-Parañaque Campus
1651,Polytechnic University of The Philippines-Pulilan
1652,Polytechnic University of the Philippines-Quezon City Campus
1653,Polytechnic University of the Philippines-Ragay
1654,Polytechnic University of the Philippines-Sablayan Campus
1655,Polytechnic University of the Philippines-San Juan Campus
1656,Polytechnic University of the Philippines-San Pedro
1657,Polytechnic University of the Philippines-Sta. Maria Bulacan
1658,Polytechnic University of the Philippines-Sta. Rosa
1659,Polytechnic University of the Philippines-Sto. Tomas
1660,Polytechnic University of the Philippines-Taguig
1661,Polytechnic University of the Philippines-Unisan
1662,Power School of Technology
1663,Presbyterian Theological College
1664,President Ramon Magsaysay State University
1665,President Ramon Magsaysay State University-Botolan
1666,President Ramon Magsaysay State University-Candelaria
1667,President Ramon Magsaysay State University-Castillejos
1668,President Ramon Magsaysay State University-Masinloc
1669,President Ramon Magsaysay State University-San Marcelino
1670,President Ramon Magsaysay State University-Sta. Cruz
1671,Primasia Foundation College
1672,Prince of Peace College
1673,Professional Academy of the Philippines
1674,PTS College and Advanced Studies
1675,PVVU CDCEC Calamba
1676,QCRS College
1677,Queen of Apostles College Seminary
1678,Quezon City University
1679,Quezon Colleges of the North
1680,Quezon Institute of Technology
1681,Quezon Memorial Institute of Siquijor
1682,Quezonian Educational College
1683,Quirino State University
1684,Quirino State University - Cabarroguis
1685,Quirino State University - Maddela
1686,R.G. de Castro Colleges
1687,Ramon Magsaysay Memorial College - Marbel
1688,Ramon Magsaysay Memorial Colleges
1689,Rapu-Rapu Community College
1690,RC-Al Khwarizmi International College Foundation
1691,Recoletos School of Theology
1692,Red Link Institute of Science & Technology
1693,Regency Polytechnic College
1694,Regina Mondi College
1695,Regional Madrasah Graduate Academy
1696,Regis Marie College
1697,Remnant International College
1698,Renaissance School of Science and Technology
1699,Republic Central Colleges
1700,Republic Colleges of Guinobatan
1701,Republican College
1702,Richwell Colleges
1703,Riverside College
1704,Rizal College of Laguna
1705,Rizal College of Taal
1706,Rizal Memorial Institute of Dapitan City
1707,Rizal Technological University
1708,Rizal Technological University-Pasig
1709,Rizwoods College - Bacalso
1710,Rizwoods College - Liloan
1711,Rizwoods College-Lapulapu
1712,Rizwoods Colleges
1713,Rogationist College
1714,Rogationist Seminary College of Philosophy
1715,Rogationist Seminary College-Cebu
1716,Roman C. Villalon Memorial Colleges Foundation
1717,Romblon State University-Cajidiocan Campus
1718,Romblon State University-Calatrava Campus
1719,Romblon State University-Main
1720,Romblon State University-Romblon Campus
1721,Romblon State University-San Agustin Campus
1722,Romblon State University-San Andres Campus
1723,Romblon State University-San Fernando Campus
1724,Romblon State University-San Jose Campus
1725,Romblon State University-Sta. Fe Campus
1726,Romblon State University-Sta. Maria Campus
1727,Roosevelt College-Marikina
1728,Rosales-Wesleyan Bible College
1729,Rosemont Hills Montessori College
1730,Royal British College
1731,Royal Christian College
1732,Sacred Heart Academy of Sta. Maria Bulacan
1733,Sacred Heart College
1734,Sacred Heart College of Calamba
1735,Sacred Heart Seminary
1736,Sacred Heart Seminary (Bacolod) School
1737,Sact Mutien College
1738,Saffrullah M. Dipatuan Foundation Academy
1739,Saint Albert Polytechnic College
1740,Saint Anthony College of Technology
1741,Saint Anthony Mary Claret College
1742,Saint Anthony's College
1743,Saint Anthony's College-Antique
1744,Saint Augustine Colleges Foundation
1745,Saint Augustine Seminary
1746,Saint Benilde International School-Calamba
1747,Saint Bernadette College of Alabang
1748,Saint Columban College
1749,Saint Columban's College
1750,Saint Dominic College of Batanes
1751,Saint Estanislao Kostka College
1752,Saint Ferdinand College-Cabagan Campus
1753,Saint Francis College-Guihulngan
1754,Saint Francis Institute of Computer Studies
1755,Saint Francis of Assisi College
1756,Saint Francis of Assisi College-Cavite
1757,Saint Francis Xavier College
1758,Saint Francis Xavier College Seminary
1759,Saint Gabriel College
1760,Saint John Bosco College of Northern Luzon
1761,Saint John Mary Vianney Seminary College
1762,Saint Joseph College
1763,Saint Joseph College of Canlaon
1764,Saint Joseph College of Rosario Batangas
1765,Saint Joseph College of Sindangan
1766,Saint Joseph Institute of Technology
1767,Saint Joseph Seminary College
1768,Saint Joseph's College of Baggao
1769,Saint Louis College of Bulanao
1770,Saint Louis College-City of San Fernando
1771,Saint Louis University
1772,Saint Louise de Marillac College-Bogo
1773,Saint Mary's Angels College of Pampanga
1774,Saint Mary's College of Baliuag
1775,Saint Mary's College of Meycauayan
1776,Saint Mary's College Sta. Maria Ilocos Sur
1777,Saint Mary's University of Bayombong
1778,Saint Michael College of Caraga
1779,Saint Michael College of Hindang
1780,Saint Michael College-Cantilan
1781,Saint Michael's College of Laguna
1782,Saint Paul College Foundation
1783,Saint Paul College of Ilocos Sur
1784,Saint Paul School of Professional Studies
1785,Saint Paul Seminary
1786,Saint Paul University Philippines
1787,Saint Peter College Seminary
1788,Saint Peter's College of Toril
1789,Saint Peter's School (Calauag)
1790,Saint Rita College-Manila
1791,Saint Rose College Educational Foundation
1792,Saint Scholastica's College-Tacloban
1793,Saint Theresa College of Tandag
1794,Saint Thomas Aquinas College
1795,Saint Tonis College
1796,Saint Vincent De Paul College Seminary
1797,Saint Vincent de Paul Diocesan College
1798,Saint Vincent's College
1799,Saints John and Paul Educational Foundation
1800,SAL Foundation College
1801,Salay Community College
1802,Salazar Colleges of Science and Institute of Technology
1803,Salazar Colleges of Science and Institute of Technology-Madredijos
1804,Samal Island City College
1805,Samar Colleges
1806,Samar State University
1807,Samar State University-Basey Campus
1808,Samar State University-Mercedes Campus
1809,Samar State University-Paranas Campus
1810,Samson College of Science and Technology-Quezon City
1811,Samson Polytechnic College of Davao
1812,Samuel Christian College of General Trias
1813,San Agustin Institute of Technology
1814,San Antonio de Padua College
1815,San Beda College-Alabang
1816,San Beda University
1817,San Brendan College
1818,San Carlos College
1819,San Carlos Seminary
1820,San Carlos Seminary College
1821,San Francisco Colleges
1822,San Francisco Javier College
1823,San Ildefonso College
1824,San Isidro College
1825,San Jose Christian Colleges
1826,San Jose Community College
1827,San Juan de Dios Educational Foundation
1828,San Lorenzo Ruiz College of Ormoc
1829,San Lorenzo Ruiz Seminary
1830,San Mateo Municipal College
1831,San Pablo Colleges
1832,San Pablo Major Seminary
1833,San Pascual Polytechnic College
1834,San Pedro College
1835,San Pedro College of Business Administration
1836,San Sebastian College Recoletos-Canlubang
1837,San Sebastian College-Recoletos
1838,San Sebastian College-Recoletos de Cavite
1839,Sancta Maria Mater et Regina Seminarium
1840,Santa Cruz Institute-Marinduque
1841,Santa Cruz Mission School
1842,Santa Isabel College of Iloilo City
1843,Santa Isabel College of Manila
1844,Santa Monica Institute of Technology
1845,Santa Rita College of Pampanga
1846,Santiago City Colleges
1847,Santo Niño College Foundation
1848,Santo Niño Seminary
1849,Sapphire International Aviation Academy
1850,Sapphire International Aviation Academy
1851,Schola de San Jose
1852,School of Fashion and the Arts
1853,Sea and Sky College
1854,Señor Tesoro College
1855,Seminario De San Jose
1856,Seminaryo Mayor de San Carlos
1857,Senator Ninoy Aquino College Foundation
1858,Senator Ninoy Aquino College Foundation-Marawi
1859,Serapion C. Basalo Memorial Colleges
1860,Shariff Kabunsuan College
1861,Shariff Kabunsuan College (Annex)
1862,Shepherdville College
1863,Siargao Island Institute of Technology
1864,Sibonga Community College
1865,Sibugay Technical Institute
1866,Siena College
1867,Siena College of Taytay
1868,Siena College-Tigaon
1869,Sienna College of San Jose
1870,Silay Institute
1871,Silliman University
1872,Siquijor State College
1873,SISTECH College of Santiago City
1874,SJDM Cornerstone College
1875,Skill Power Institute
1876,Solis Institute of Technology
1877,Sorsogon College of Criminology
1878,Sorsogon State University-Bulan Campus
1879,Sorsogon State University-Castilla Campus
1880,Sorsogon State University-Magallanes Campus
1881,Sorsogon State University-Main
1882,South CompEdge College
1883,South Cotabato State College
1884,South East Asian Institute of Technology
1885,South Forbes City College
1886,South Ilocandia College of Arts and Technology
1887,South Mansfield College
1888,South Philippine Adventist College
1889,South SEED LPDH College
1890,South Upi College
1891,Southbay Montessori School and Colleges
1892,Southdale International School of Science Arts and Techology
1893,Southeast Asia Christian College
1894,Southeast Asia Interdisciplinary Development Institute
1895,Southeast Asian College
1896,Southeastern College
1897,Southeastern College of Padada
1898,Southern Baptist College
1899,Southern Bicol Colleges
1900,Southern Bukidnon Foundation Academy
1901,Southern Capital Colleges
1902,Southern Christian College
1903,Southern City Colleges
1904,Southern City Colleges-West Campus
1905,Southern De Oro Philippines College
1906,Southern Leyte State University
1907,Southern Leyte State University-Bontoc Campus
1908,Southern Leyte State University-Hinunangan Campus
1909,Southern Leyte State University-Maasin City Campus
1910,Southern Leyte State University-San Juan Campus
1911,Southern Leyte State University-Tomas Oppus Campus
1912,Southern Luzon College of Business Maritime Science and Technology
1913,Southern Luzon Institute
1914,Southern Luzon State University
1915,Southern Luzon State University-Alabat
1916,Southern Luzon State University-Catanauan
1917,Southern Luzon State University-Gumaca Campus
1918,Southern Luzon State University-Infanta
1919,Southern Luzon State University-Lucena
1920,Southern Luzon State University-Polilio
1921,Southern Luzon State University-Tagkawayan
1922,Southern Luzon State University-Tayabas
1923,Southern Luzon State University-Tiaong Campus
1924,Southern Luzon Technological College Foundation-Legazpi
1925,Southern Luzon Technological College Foundation-Pilar
1926,Southern Luzon Technological College Foundation-Pioduran
1927,Southern Maramag Colleges
1928,Southern Masbate Roosevelt College
1929,Southern Mindanao College-Agro Tech
1930,Southern Mindanao Colleges
1931,Southern Mindanao Institute of Technology
1932,Southern Peninsula College
1933,Southern Philippine College
1934,Southern Philippine Technical College of Koronadal
1935,Southern Philippines Agriculture Business Marine and Aquatic School of Technology
1936,Southern Philippines Baptist Theological Seminary
1937,Southern Philippines Institute of Science and Technology
1938,Southern Philippines Methodist College
1939,Southern Technological Institute of the Philippines
1940,Southland College of Kabankalan City
1941,Southpoint College of Arts and Technology
1942,Southville International School
1943,Southville International School and Colleges
1944,Southway College of Technology
1945,Southwestern College of Maritime Business and Technology
1946,Southwestern Institute of Business and Technology
1947,Southwestern Mindanao Islamic Institute
1948,Southwestern University
1949,Southwestern University-Matias H. Aznar Memorial College of Medicine
1950,SPA College
1951,Speed Computer College
1952,SPJ International Technology Institute
1953,St. Alexius College
1954,St. Alphonsus School of Theology
1955,St. Anne College Lucena
1956,St. Anthony College of Roxas City
1957,St. Anthony College-Calapan City
1958,St. Augustine School of Nursing - Lucena
1959,St. Augustine School of Nursing-Lipa
1960,St. Benedict College of Cotabato
1961,St. Benedict College of Maguindanao
1962,St. Benedict College of Northern Luzon
1963,St. Benilde Center for Global Competence
1964,St. Bernadette of Lourdes College
1965,St. Bridget College
1966,St. Camillus College of Manaoag Foundation
1967,St. Camillus College Seminary
1968,St. Catherine'S College
1969,St. Cecilia's College - Cebu
1970,St. Chamuel College
1971,St. Clare College of Caloocan
1972,St. Dominic College of Asia
1973,St. Dominic Savio College
1974,St. Elizabeth Global Skills Institute
1975,St. Ferdinand College-Ilagan
1976,St. Francis Carraciolo Culinary Academy
1977,St. Francis de Sales Major Seminary
1978,St. Francis de Sales Theological Seminary
1979,St. Francis Divine College
1980,St. Francis Technical Institute
1981,St. Francis Xavier Regional Major Seminary of Mindanao
1982,St. Ignatius Technical Institute of Business and Arts
1983,St. Ignatius Technical Institute of Business and Arts-Biñan
1984,St. Ignatius Technical Institute of Business and Arts-Cabuyao
1985,St. John Bosco College of Tayabas
1986,St. John College of Buug Foundation
1987,St. John Colleges
1988,St. John of Beverly School
1989,St. John Paul II College of Davao
1990,St. John Technological College of the Philippines
1991,St. John the Evangelist School of Theology
1992,St. John Vianney Theological Seminary
1993,St. Joseph College of Cavite
1994,St. Joseph College-Olongapo
1995,St. Joseph Regional Seminary Graduate School of Theology
1996,St. Joseph's College of Quezon City
1997,St. Joseph's College of Rodriguez
1998,St. Jude College
1999,St. Jude College Dasmarifias Cavite
2000,St. Jude Thaddeus Institute of Technology
2001,St. Louis Anne Colleges of San Pedro
2002,St. Louis College-Valenzuela
2003,St. Louise De Marillac College of Sorsogon
2004,St. Luke's College of Medicine-William H. Quasha Memorial
2005,St. Mary Magdalene Colleges of Laguna
2006,St. Mary's College
2007,St. Mary's College Baganga
2008,St. Mary'S College of Bansalan
2009,St. Mary's College of Borongan
2010,St. Mary's College of Catbalogan
2011,St. Mary's College of Labason
2012,St. Mary's College of Marinduque
2013,St. Mary's College of Tagum
2014,St. Matthew College
2015,St. Michael's College
2016,St. Nicolas College of Business and Technology
2017,St. Paul Colleges Foundation-Paniqui Tarlac
2018,St. Paul University at San Miguel
2019,St. Paul University Dumaguete
2020,St. Paul University of Iloilo
2021,St. Paul University Surigao
2022,St. Paul University-Manila
2023,St. Paul University-Quezon City
2024,St. Peregrine Institute
2025,St. Peter Baptist College Foundation
2026,St. Peter's College
2027,St. Peter's College of Misamis Oriental
2028,St. Peter's College of Ormoc
2029,St. Peter's College Seminary
2030,St. Rita's College of Balingasag
2031,St. Scholastica's College
2032,St. Therese College Foundation
2033,St. Therese College of Arts and Sciences
2034,St. Therese of the Child Jesus Institute of Arts and Sciences
2035,St. Therese-MTC Colleges-La Fiesta
2036,St. Therese-MTC Colleges-Magdalo
2037,St. Therese-MTC Colleges-Tigbauan
2038,St. Thomas More College-Clark
2039,St. Thomas More School of Law and Business
2040,St. Vincent College of Business and Accountancy
2041,St. Vincent College of Cabuyao
2042,St. Vincent College of Science and Technology
2043,St. Vincent de Ferrer College of Camarin
2044,St. Vincent Ferrer Seminary
2045,Sta. Catalina College
2046,Sta. Elena (Camarines Norte) College
2047,Sta. Elena Institute of Science and Technology
2048,Sta. Teresa College
2049,Star College
2050,Stella Maris College
2051,Stella Maris College
2052,STI College - Dumaguete
2053,STI College - Koronadal City - Tacurong City Branch
2054,STI College - San Jose del Monte
2055,STI College Calamba
2056,STI College Carmona
2057,STI College of Koronadal City
2058,STI College Ortigas-Cainta
2059,STI College Pasay-EDSA
2060,STI College San Jose
2061,STI College Santa Rosa
2062,STI College-Alabang
2063,STI College-Angeles City
2064,STI College-Bacoor
2065,STI College-Baguio
2066,STI College-Balagtas
2067,STI College-Balayan
2068,STI College-Baliuag
2069,STI College-Batangas
2070,STI College-Cagayan De Oro
2071,STI College-Caloocan
2072,STI College-Cauayan
2073,STI College-City of San Fernando
2074,STI College-City of Tarlac
2075,STI College-Cotabato
2076,STI College-Cubao
2077,STI College-Dagupan
2078,STI College-Dasmariñas
2079,STI College-Davao
2080,STI College-Fairview
2081,STI College-Gen. Santos
2082,STI College-Global City
2083,STI College-Iligan
2084,STI College-Kalibo
2085,STI College-Laoag
2086,STI College-Las Piñas
2087,STI College-Legazpi
2088,STI College-Lipa
2089,STI College-Lucena
2090,STI College-Malaybalay
2091,STI College-Malolos
2092,STI College-Marikina
2093,STI College-Meycauayan
2094,STI College-Muñoz EDSA
2095,STI College-Naga City
2096,STI College-Novaliches
2097,STI College-Ormoc
2098,STI College-Puerto Princesa
2099,STI College-Rosario
2100,STI College-San Pablo
2101,STI College-Shaw
2102,STI College-Sta. Cruz
2103,STI College-Sta. Maria
2104,STI College-Surigao
2105,STI College-Tagaytay
2106,STI College-Tagum
2107,STI College-Tanauan
2108,STI College-Tanay
2109,STI College-Valencia
2110,STI College-Vigan
2111,STI West Negros University
2112,Sto. Niño College of Ormoc
2113,Sto. Niño Mactan College
2114,Sto. Rosario Sapang Palay College
2115,Sto. Tomas College of Agriculture Sciences and Technology
2116,Sto. Tomas College-Danao City
2117,Stratford International School
2118,Subic Bay Colleges
2119,Sultan Kudarat Educational Institution
2120,Sultan Kudarat Islamic Academy Foundation College
2121,Sultan Kudarat State University
2122,Sultan Kudarat State University-Bagumbayan
2123,Sultan Kudarat State University-Isulan
2124,Sultan Kudarat State University-Kalamansig
2125,Sultan Kudarat State University-Lutayan
2126,Sultan Kudarat State University-Palimbang
2127,Sultan Kudarat State University-Tacurong
2128,Sulu College of Technology
2129,Sulu State College
2130,Sumulong College of Arts & Sciences (SCAS)
2131,Surigao Doctors' College
2132,Surigao Education Center
2133,Surigao State College of Technology-Del Carmen
2134,Surigao State College of Technology-Main
2135,Surigao State College of Technology-Mainit
2136,Surigao State College of Technology-Malimono
2137,Surigao Sur Colleges
2138,System Plus Computer College-Caloocan
2139,Systems Plus College Foundation
2140,Systems Plus Computer College-Quezon City
2141,Tañon College
2142,Tabaco College
2143,Tabor Hills College
2144,Tagbilaran City College
2145,Tagoloan Community College
2146,Taguig City University
2147,Tagum City College of Science and Technology Foundation
2148,Tagum Doctors College
2149,Talibon Polytechnic College
2150,Talisay City College
2151,Tamparan Populace Islamic College
2152,Tan Ting Bing Memorial Colleges Foundation
2153,Tanauan City College
2154,Tanauan Institute
2155,Tanchuling College
2156,Tarlac Agricultural University
2157,Tarlac Christian Colleges
2158,Tarlac State University
2159,Tawi-Tawi Regional Agricultural College
2160,Tawi-Tawi Regional Agricultural College - Languyan
2161,Tawi-Tawi Regional Agricultural College - Sibutu
2162,Tawi-Tawi Regional Agricultural College - Tarawakan
2163,Tawi-Tawi Regional Agricultural College-Simunul
2164,Tawi-Tawi School of Midwifery
2165,Tayabas Western Academy
2166,Tecarro College Foundation
2167,Technological Institute of the Philippines-Manila
2168,Technological Institute of the Philippines-Quezon City
2169,Technological University of the Philippines-Cavite
2170,Technological University of the Philippines-Manila
2171,Technological University of the Philippines-Taguig
2172,Technological University of the Philippines-Visayas
2173,Teodoro M. Luansing College of Rosario
2174,The Adelphi College
2175,The Bearer of Light and Wisdom Colleges
2176,The College of Maasin
2177,The Fisher Valley College
2178,The Good Samaritan Colleges
2179,The Great Plebeian College
2180,The Lewis College
2181,The Manila Times College of Subic
2182,The National Teachers College
2183,The New El Salvador Colleges
2184,The One Nation Entrepreneur School
2185,The Philippine Women's University-Manila
2186,The Rizal Memorial Colleges
2187,The University of Manila
2188,Theological Foundation for Asia (Asia Pacific Theological Seminary)
2189,Tiwi Community College
2190,Tomas Claudio Colleges
2191,Tomas Del Rosario College
2192,Trace College
2193,Trece Martires City College
2194,Trent Information First Technical Career Institute
2195,Treston International College
2196,Trimex Colleges
2197,Trinidad Municipal College
2198,Trinity University of Asia
2199,Tubod College
2200,UBIX Institute of Technologies
2201,UM Bansalan College
2202,UM Digos College
2203,UM Panabo College
2204,UM Peñaplata College
2205,UM Tagum College
2206,Unciano Colleges
2207,Unciano Colleges and General Hospital
2208,Unda Memorial National Agricultural School
2209,Unida Christian Colleges
2210,Union Christian College
2211,Union College of Laguna
2212,United Christian Academy College of Asia
2213,United School of Science and Technology Colleges
2214,Universal College Foundation of Southeast Asia and the Pacific
2215,Universal Colleges of Parañaque
2216,Universidad de Dagupan
2217,Universidad de Manila
2218,Universidad de Sta. Isabel
2219,Universidad de Zamboanga
2220,Universidad de Zamboanga - Pagadian
2221,Universidad de Zamboanga-Ipil
2222,University of Antique - Hamtic
2223,University of Antique - Main
2224,University of Antique - Tario Lim Antique School of Fisheries
2225,University of Asia and the Pacific
2226,University of Baguio
2227,University of Batangas
2228,University of Batangas-Lipa
2229,University of Bohol
2230,University of Cagayan Valley
2231,University of Caloocan City
2232,University of Cebu
2233,University of Cebu College of Medicine Foundation
2234,University of Cebu-Banilad
2235,University of Cebu-Lapulapu and Mandaue
2236,University of Eastern Pangasinan
2237,University of Eastern Philippines
2238,University of Eastern Philippines-Catubig Campus
2239,University of Eastern Philippines-Laoang Campus
2240,University of Iloilo
2241,University of La Salette
2242,University of Luzon
2243,University of Makati
2244,University of Mindanao
2245,University of Negros Occidental-Recoletos
2246,University of Northeastern Philippines
2247,University of Northern Philippines
2248,University of Nueva Caceres
2249,University of Nueva Caceres-Bataan
2250,University of Pangasinan
2251,University of Perpetual Help System
2252,University of Perpetual Help System Dalta
2253,University of Perpetual Help System Dalta-Calamba
2254,University of Perpetual Help System Dalta-Molino
2255,University of Perpetual Help System Laguna Pueblo de Panay Campus
2256,University of Perpetual Help System-Dr. Jose G. Tamayo Medical University
2257,University of Perpetual Help System-GMA
2258,University of Perpetual Help System-Laguna
2259,University of Rizal System-Angono
2260,University of Rizal System-Antipolo
2261,University of Rizal System-Binangonan
2262,University of Rizal System-Cainta
2263,University of Rizal System-Cardona
2264,University of Rizal System-Morong
2265,University of Rizal System-Pililia
2266,University of Rizal System-Rodriguez
2267,University of Rizal System-Tanay
2268,University of Rizal System-Taytay
2269,University of Saint Anthony
2270,University of Saint La Salle
2271,University of Saint Louis-Tuguegarao
2272,University of San Agustin
2273,University of San Carlos
2274,University of San Jose-Recoletos
2275,University of Santo Tomas
2276,University of Santo Tomas-Legazpi
2277,University of Science and Technology in Southern Philippines-Alubijid
2278,University of Science and Technology in Southern Philippines-Balubal
2279,University of Science and Technology in Southern Philippines-Villanueva
2280,University of Science and Technology of Southern Philippines
2281,University of Science and Technology of Southern Philippines - Claveria
2282,University of Science and Technology of Southern Philippines - Jasaan
2283,University of Science and Technology of Southern Philippines - Oroquieta
2284,University of Science and Technology of Southern Philippines - Panaon
2285,University of Southeastern Philippines-Bislig Campus
2286,University of Southeastern Philippines-College of Agriculture-Tagum Mabini
2287,University of Southeastern Philippines-Main
2288,University of Southeastern Philippines-Mintal
2289,University of Southern Mindanao - Buluan
2290,University of Southern Mindanao-Kidapawan City Campus
2291,University of Southern Mindanao-Main
2292,University of Southern Philippines Foundation
2293,University of the Assumption
2294,University of the Cordilleras
2295,University of the East-Caloocan
2296,University of the East-Manila
2297,University of the East-Ramon Magsaysay Memorial Medical Center
2298,University of the Immaculate Conception
2299,University of the Philippines in the Visayas Tacloban College
2300,University of the Philippines Manila - School of Health Sciences
2301,University of the Philippines- Manila School of Health Sciences Extension Campus-Baler
2302,University of the Philippines- Manila School of Health Sciences Extension Campus-Tarlac
2303,University of the Philippines-Baguio
2304,University of the Philippines-College of Cebu
2305,University of the Philippines-Diliman
2306,University of the Philippines-Diliman (Olongapo City)
2307,University of the Philippines-Diliman (Pampanga)
2308,University of the Philippines-Los Baños
2309,University of the Philippines-Manila
2310,University of the Philippines-Mindanao
2311,University of the Philippines-Open University
2312,University of The Philippines-Visayas
2313,University of the Visayas
2314,University of The Visayas-Dalaguete Campus
2315,University of the Visayas-Gullas College of Medicine
2316,University of the Visayas-Toledo City Campus
2317,Upi Agricultural School-Provincial Technical Institute of Agriculture
2318,Urdaneta City University
2319,USAT College Sagay City
2320,Valencia Colleges-Bukidnon
2321,Valenzuela City Polytechnic College
2322,Velez College
2323,Veritas College of Irosin
2324,Vicente A. Javier Memorial Community College
2325,Victory Elijah Christian College
2326,Villaflores College
2327,Village Montessori School and Colleges
2328,Villagers Montessori College
2329,Villamor College of Business and Arts
2330,Vineyard International Polytechnic College
2331,Virgen Milagrosa Del Rosario College Seminary
2332,Virgen Milagrosa University Foundation
2333,Visayan Nazarene Bible College
2334,Visayas State University
2335,Visayas State University-Alang-Alang Campus
2336,Visayas State University-Isabel Campus
2337,Visayas State University-Tolosa Campus
2338,Visayas State University-Villaba Campus
2339,VMA Global College
2340,VMC Asian College Foundation
2341,VMC Asian College of President Quirino
2342,WCC Aeronautical & Technological College
2343,WCC Aeronautical & Technological College-North Manila
2344,Wesleyan College of Manila
2345,Wesleyan University-Philippines (Cabanatuan)
2346,Wesleyan University-Philippines-Aurora
2347,West Bay College
2348,West Celebes College of Technology
2349,West Central College of Arts and Sciences
2350,West Coast College
2351,West Point College-Magallanes
2352,West Prime Horizon Institute
2353,West Visayas State University-Calinog Campus
2354,West Visayas State University-College of Agriculture and Forestry Lambunao
2355,West Visayas State University-Himamaylan Campus Extension
2356,West Visayas State University-Janiuay Campus
2357,West Visayas State University-Lambunao Campus
2358,West Visayas State University-Main
2359,West Visayas State University-Pototan Campus
2360,Westbridge Institute of Technology
2361,Western Colleges
2362,Western Institute of Technology
2363,Western Leyte College of Ormoc City
2364,Western Mindanao Foundation College
2365,Western Mindanao State University
2366,Western Mindanao State University-Alicia
2367,Western Mindanao State University-Aurora
2368,Western Mindanao State University-Curuan
2369,Western Mindanao State University-Diplahan
2370,Western Mindanao State University-Imelda
2371,Western Mindanao State University-Ipil
2372,Western Mindanao State University-Mabuhay
2373,Western Mindanao State University-Malangas
2374,Western Mindanao State University-Molave
2375,Western Mindanao State University-Naga
2376,Western Mindanao State University-Olutanga
2377,Western Mindanao State University-Pagadian
2378,Western Mindanao State University-Siay
2379,Western Mindanao State University-Tungawan
2380,Western Philippines University
2381,Western Philippines University-Busuanga
2382,Western Philippines University-Culion
2383,Western Philippines University-El Nido
2384,Western Philippines University-Puerto Princesa
2385,Western Philippines University-Quezon
2386,Western Philippines University-Rio Tuba
2387,Westmead International School
2388,Wisdom International School for Higher Education Studies
2389,World Citi Colleges Guimba Campus
2390,World Citi Colleges-Antipolo City
2391,World Citi Colleges-Quezon City
2392,Worldtech Resources Foundation-Iriga City
2393,Worldtech Resources Foundation-Naga City
2394,Xavier University (Ateneo de Cagayan)
2395,Xijen College of Mt. Province
2396,Yllana Bay View College
2397,Young Ji College
2398,Zamboanga del Sur Provincial Government College
2399,Zamboanga del Sur Provincial Government College - Pagadian
2400,Zamboanga del Sur Provincial Government College-Dimataling
2401,Zamboanga Peninsula Polytechnic State University
2402,Zamboanga State College of Marine Sciences and Technology
2403,Zamora Memorial College
2404,ZAMSULA Everlasting College
